Term,PosScore,NegScore
rare,0.0,0.875
avirulent,0.0,0.875
nonadhesive,0.0,0.75
ungummed,0.0,0.75
acrophobic,0.0,0.75
agoraphobic,0.0,0.75
algophobic,0.0,0.875
claustrophobic,0.0,0.75
mysophobic,0.0,0.75
xenophobic,0.0,0.75
unagitated,0.0,0.75
malapropos,0.25,0.75
aphasic,0.0,0.75
thunderous,0.125,0.875
unconscious,0.0,0.75
unstratified,0.0,0.75
fugly,0.0,0.75
unbanded,0.0,0.75
maleficent,0.0,0.75
venomed,0.125,0.75
vixenish,0.0,0.875
uncompartmented,0.0,0.75
slate-black,0.0,0.75
augean,0.222,0.778
dirty-faced,0.0,0.75
smudgy,0.0,0.75
unswept,0.0,0.75
unwashed,0.0,0.75
uncousinly,0.0,0.75
fogbound,0.0,0.75
unpublishable,0.25,0.75
comfortless,0.0,0.875
uncommercial,0.0,0.75
unworkmanlike,0.25,0.75
noncompetitive,0.0,0.75
uncommitted,0.0,0.75
unconquerable,0.125,0.75
ravaging,0.0,0.75
unchallengeable,0.0,0.75
unargumentative,0.0,0.75
noncontentious,0.0,0.75
inconvenient,0.125,0.75
unconventional,0.0,0.75
conformist,0.0,0.75
unpersuasive,0.0,0.75
raw,0.0,0.75
untoasted,0.0,0.75
putrid,0.3,0.7
antiphlogistic,0.0,0.75
wrongheaded,0.25,0.75
uncorrected,0.0,0.75
unremedied,0.0,0.75
constipated,0.0,0.75
overcredulous,0.0,0.75
censorious,0.0,0.875
uncritical,0.0,0.75
noncurrent,0.0,0.75
knocked-out,0.0,0.875
storm-beaten,0.0,0.75
undatable,0.0,0.75
undeclared,0.0,0.75
indefeasible,0.0,0.75
nonresistant,0.0,0.75
infrangible,0.0,0.75
peremptory,0.0,0.75
undemonstrative,0.0,0.75
undeniable,0.0,0.875
dependent,0.0,0.75
undescriptive,0.125,0.75
undiplomatic,0.0,0.75
alienating,0.0,0.75
indirect,0.0,0.75
promiscuous,0.0,0.75
unselective,0.125,0.75
indistinct,0.25,0.75
indiscrete,0.0,0.75
untheatrical,0.0,0.75
uneducated,0.25,0.75
sisyphean,0.0,0.75
unemployable,0.0,0.75
unburdened,0.0,0.75
unexportable,0.25,0.75
remittent,0.125,0.75
nostalgic,0.0,0.75
homesick,0.0,0.75
unquestionable,0.0,0.75
patchy,0.0,0.75
unparallel,0.0,0.875
unexchangeable,0.25,0.75
nonextant,0.0,0.75
unexpendable,0.25,0.75
fingerless,0.0,0.75
inextinguishable,0.0,0.875
unfastidious,0.0,0.75
blubbery,0.125,0.75
infelicitous,0.0,0.75
unhewn,0.0,0.75
unsuitable,0.0,0.75
adventive,0.0,0.75
abject,0.0,1.0
niffy,0.0,0.75
putrid-smelling,0.3,0.7
unfree,0.0,0.75
addled,0.0,0.75
day-old,0.0,0.875
unfruitful,0.0,0.75
sperm-filled,0.0,0.75
nonfunctional,0.0,0.75
nonproprietary,0.0,0.75
base,0.0,0.875
pseudo,0.0,0.75
synthetic,0.125,0.875
no-go,0.0,0.75
ill,0.0,0.875
swingeing,0.0,0.875
uncool,0.0,0.875
unsuitable,0.222,0.778
evil-minded,0.0,0.75
churlish,0.0,0.875
churlish,0.25,0.75
fulminant,0.0,0.75
appreciative,0.25,0.75
unappreciative,0.0,0.75
ill,0.0,0.75
bloodshot,0.0,0.75
caseous,0.0,0.75
inflamed,0.0,0.875
sore-eyed,0.0,0.75
varicose,0.0,0.875
light-duty,0.0,0.75
low-level,0.0,0.75
nonimitative,0.0,0.75
yellow,0.0,0.75
insoluble,0.0,0.75
torrid,0.0,0.75
stygian,0.0,0.75
undesigned,0.0,0.75
unsmoothed,0.0,0.75
anisotropic,0.0,0.75
bittersweet,0.0,0.75
joyless,0.125,0.75
unsmiling,0.0,0.75
watertight,0.0,0.75
unlisted,0.0,0.75
unextended,0.0,0.75
stray,0.0,0.75
straying,0.0,0.75
apotropaic,0.0,0.75
unbranded,0.0,0.75
unfeminine,0.25,0.75
unconcerned,0.0,0.75
unsoldierly,0.0,0.75
immobile,0.0,0.75
unmodified,0.0,0.75
unadapted,0.0,0.75
univalent,0.0,0.75
factitious,0.0,0.75
supernatural,0.0,0.75
grotty,0.0,0.875
subnormal,0.0,0.75
paranormal,0.0,0.875
innocuous,0.0,0.75
unoccupied,0.0,0.75
scrimy,0.0,1.0
verminous,0.0,0.875
odoriferous,0.222,0.778
unofficial,0.0,0.75
unestablished,0.0,0.75
off-street,0.0,0.75
off-line,0.0,0.75
off,0.0,0.75
inconvenient,0.0,0.75
unopposed,0.0,0.75
unmethodical,0.0,0.75
artificial,0.0,0.75
stunning,0.0,0.75
underivative,0.0,0.875
unoriginal,0.0,0.75
slavish,0.0,0.75
painless,0.0,0.75
unpainted,0.0,0.875
unoiled,0.0,0.75
unpaintable,0.0,0.75
unpalatable,0.125,0.75
unforbearing,0.0,0.875
unpaved,0.0,0.75
unpeaceful,0.0,0.75
unpeaceable,0.0,0.875
inadmissible,0.0,0.75
unpermissive,0.125,0.75
unperplexed,0.0,0.75
impenetrable,0.0,0.75
rot-resistant,0.0,0.75
nonpsychoactive,0.0,0.75
off-putting,0.0,0.75
raw,0.0,0.75
imponderable,0.0,0.875
neutral,0.125,0.75
out,0.0,0.875
unfunctional,0.0,0.75
cretinous,0.0,0.875
secondary,0.0,0.75
nonpublic,0.0,0.75
lay,0.0,0.75
lean,0.125,0.75
unremunerative,0.0,0.75
out-of-the-way,0.0,0.75
unimpeachable,0.0,0.75
unquiet,0.0,0.75
flat-footed,0.0,0.75
unprocessed,0.0,0.75
untreated,0.0,0.75
raw,0.0,0.75
untreated,0.0,0.875
assimilative,0.0,0.75
unexpansive,0.0,0.75
moneyless,0.0,0.75
out,0.0,0.75
manic-depressive,0.0,0.75
psychotic,0.0,0.75
saturnine,0.125,0.75
unconscientious,0.0,0.75
fail-safe,0.0,0.75
junior,0.0,0.75
frivolous,0.0,0.75
broken-down,0.0,0.875
nonresident,0.0,0.75
nonnomadic,0.0,0.75
unformed,0.0,0.75
FALSE,0.125,0.75
feigned,0.125,0.875
unsized,0.0,0.75
unsorted,0.0,0.75
unshuttered,0.0,0.75
unsociable,0.0,0.75
ungregarious,0.0,0.75
unsold,0.0,0.75
nonstandard,0.125,0.75
nonstandard,0.125,0.875
nonnormative,0.0,0.75
nonstandard,0.0,0.75
unstressed,0.0,0.75
low-grade,0.222,0.778
unimpressionable,0.0,0.75
soured,0.0,0.75
unsuspected,0.125,0.75
unswept,0.0,0.75
unsympathetic,0.0,0.875
temperate,0.125,0.75
unkempt,0.0,0.75
ungroomed,0.125,0.75
intolerant,0.125,0.75
intestate,0.0,0.75
tough,0.0,0.75
unmalleable,0.0,0.75
FALSE,0.0,0.75
undivided,0.0,0.875
dystopian,0.0,0.75
FALSE,0.0,0.75
manky,0.3,0.7
occult,0.0,0.875
consumptive,0.0,0.75
dyspeptic,0.0,0.75
palsied,0.0,0.75
scrofulous,0.0,0.875
unwholesome,0.125,0.75
benign,0.0,0.75
immunodeficient,0.0,0.75
anasarcous,0.0,0.75
immunocompromised,0.0,0.75
aversive,0.125,0.75
nonenzymatic,0.0,0.75
tetanic,0.0,0.75
tetanic,0.0,0.75
unposed,0.0,0.75
conquest,0.0,0.75
hyperemesis,0.0,0.75
bronchospasm,0.0,0.75
palliation,0.0,0.75
overexertion,0.0,0.875
abduction,0.0,1.0
scatophagy,0.0,0.75
underproduction,0.0,0.75
armageddon,0.0,0.75
misdeal,0.0,0.75
rotavirus,0.0,0.75
rockweed,0.0,0.75
kitsch,0.125,0.75
lenitive,0.0,0.875
stinker,0.0,0.75
disagreeableness,0.0,0.875
levity,0.125,0.875
unapproachability,0.125,0.75
unfriendliness,0.0,0.875
uncongeniality,0.25,0.75
unneighborliness,0.0,0.875
unpleasingness,0.125,0.75
shiftiness,0.125,0.75
granite,0.0,0.75
disagreeableness,0.125,0.875
beastliness,0.0,0.75
unnaturalness,0.0,0.875
inadmissibility,0.125,0.75
usualness,0.125,0.75
nonconformity,0.0,0.75
illegitimacy,0.0,0.875
illicitness,0.0,0.75
elusiveness,0.125,0.75
wrongness,0.125,0.75
incorruptibility,0.25,0.75
lightheadedness,0.0,0.75
indelicacy,0.125,0.75
staleness,0.0,0.75
hardness,0.0,0.875
vulnerability,0.0,0.875
tardiness,0.125,0.75
inessentiality,0.125,0.75
defensibility,0.25,0.75
snootiness,0.125,0.75
cholecystokinin,0.0,0.75
feeblemindedness,0.0,0.75
insensibility,0.0,0.75
hydra,0.0,0.75
pisser,0.0,0.75
pruritus,0.0,0.75
pill,0.0,0.875
kink,0.0,0.75
casuistry,0.0,0.75
reprobation,0.0,0.75
unfairness,0.125,0.75
stricture,0.0,0.75
canard,0.0,0.875
excoriation,0.0,0.875
accident,0.0,0.75
resolution,0.0,0.75
fire,0.0,0.75
wistfulness,0.0,0.75
mysophilia,0.0,0.75
creepy-crawlies,0.125,0.75
unconcern,0.0,0.75
conscience,0.125,0.75
levity,0.125,0.875
sensibility,0.25,0.75
dolefulness,0.0,0.875
heavyheartedness,0.125,0.75
self-pity,0.125,0.75
dysphoria,0.0,0.75
moodiness,0.125,0.875
plonk,0.0,0.875
gridlock,0.0,0.75
aphasic,0.0,0.75
asthmatic,0.0,0.75
choker,0.0,0.75
hobbledehoy,0.0,0.875
jerry-builder,0.0,0.75
motormouth,0.0,1.0
patzer,0.0,0.875
seducer,0.0,0.75
third-rater,0.0,0.75
torturer,0.0,0.75
yenta,0.0,0.75
accumulation,0.0,0.75
earthquake,0.0,0.875
insomnia,0.0,0.75
anoxia,0.0,0.75
dysphagia,0.125,0.75
dysuria,0.0,0.875
dystrophy,0.0,0.75
invalidism,0.0,0.875
amyloidosis,0.0,0.75
neurasthenia,0.0,0.75
gingivitis,0.0,0.75
glomerulonephritis,0.0,0.75
hypothyroidism,0.0,0.75
diphtheria,0.0,0.75
pneumonia,0.0,0.75
abetalipoproteinemia,0.0,0.75
hypobetalipoproteinemia,0.0,0.75
lysinemia,0.0,0.75
thrombasthenia,0.0,0.75
tyrosinemia,0.125,0.75
angina,0.0,0.75
blain,0.0,0.875
cystitis,0.0,0.75
malnutrition,0.0,0.75
kwashiorkor,0.0,0.75
myopathy,0.125,0.75
erythema,0.0,0.75
livedo,0.0,0.75
granuloma,0.0,0.75
arteritis,0.0,0.75
blepharitis,0.0,0.875
sprain,0.0,0.75
bubo,0.0,0.875
throe,0.0,0.875
dysmenorrhea,0.0,0.75
odynophagia,0.125,0.75
ulalgia,0.0,0.75
cholangitis,0.0,0.75
cholecystitis,0.0,0.75
diverticulitis,0.0,0.875
endarteritis,0.0,0.75
epididymitis,0.0,0.75
gastritis,0.0,0.75
keratitis,0.0,0.75
oophoritis,0.0,0.75
orchitis,0.0,0.875
pancreatitis,0.0,0.75
prostatitis,0.0,0.875
spondylitis,0.0,0.75
ulitis,0.0,0.75
ureteritis,0.0,0.75
vesiculitis,0.0,0.75
automysophobia,0.0,0.75
encopresis,0.0,0.75
melancholia,0.125,0.75
throe,0.0,0.875
cleanness,0.125,0.75
porphyria,0.125,0.75
ergotism,0.0,0.75
astasia,0.125,0.75
sequela,0.0,0.75
analgesia,0.0,0.75
urethritis,0.0,0.75
oligospermia,0.0,0.75
tenesmus,0.0,0.75
gum-lac,0.0,0.75
negatively,0.0,0.75
indirectly,0.0,0.75
have,0.0,0.75
obstipate,0.0,0.75
bloat,0.0,0.75
putrefy,0.0,0.75
curdle,0.0,0.875
cleanse,0.0,0.75
whoop,0.25,0.75
speculate,0.0,0.75
out-herod,0.0,0.875
invade,0.0,0.75
lacerate,0.125,0.75
tribulate,0.0,0.75
abreact,0.0,0.875
humbug,0.0,0.875
moot,0.0,-0.9
stingingly,0.0,-0.9
ire,0.0,-0.9
unlawful,0.0,-0.9
overstates,0.0,-0.9
sloow,0.0,-0.9
pervasive,0.0,-0.9
tangles,0.0,-0.9
distressingly,0.0,-0.9
outrageousness,0.0,-0.9
prejudices,0.0,-0.9
retaliatory,0.0,-0.9
insufficient,0.0,-0.9
grudging,0.0,-0.9
unfeeling,0.0,-0.9
desert,0.0,-0.9
damnation,0.0,-0.9
despairingly,0.0,-0.9
frightening,0.0,-0.9
unethical,0.0,-0.9
dent,0.0,-0.9
bores,0.0,-0.9
unexpected,0.0,-0.9
contemptible,0.0,-0.9
drab,0.0,-0.9
adulterate,0.0,-0.9
martyrdom-seeking,0.0,-0.9
spade,0.0,-0.9
downside,0.0,-0.9
prohibitively,0.0,-0.9
unwell,0.0,-0.9
vicious,0.0,-0.9
unsupportive,0.0,-0.9
frigid,0.0,-0.9
brainless,0.0,-0.9
obnoxiously,0.0,-0.9
bullshit,0.0,-0.9
bedlamite,0.0,-0.9
painful,0.0,-0.9
illness,0.0,-0.9
bombard,0.0,-0.9
sneakily,0.0,-0.9
hustler,0.0,-0.9
fallacy,0.0,-0.9
spoils,0.0,-0.9
twist,0.0,-0.9
misunderstood,0.0,-0.9
sluts,0.0,-0.9
ghastly,0.0,-0.9
destitution,0.0,-0.9
imminently,0.0,-0.9
mope,0.0,-0.9
complication,0.0,-0.9
heathen,0.0,-0.9
rip,0.0,-0.9
scandal,0.0,-0.9
anguish,0.0,-0.9
fruitless,0.0,-0.9
cash-strapped,0.0,-0.9
sarcastically,0.0,-0.9
steal,0.0,-0.9
admonition,0.0,-0.9
ill-fated,0.0,-0.9
longing,0.0,-0.9
dreadfully,0.0,-0.9
mournful,0.0,-0.9
weakening,0.0,-0.9
stew,0.0,-0.9
amiss,0.0,-0.9
annihilate,0.0,-0.9
destructive,0.0,-0.9
dullard,0.0,-0.9
itching,0.0,-0.9
oblivious,0.0,-0.9
incessant,0.0,-0.9
idle,0.0,-0.9
scratches,0.0,-0.9
shockingly,0.0,-0.9
miserly,0.0,-0.9
bias,0.0,-0.9
loose,0.0,-0.9
bull----,0.0,-0.9
dense,0.0,-0.9
austere,0.0,-0.9
fusty,0.0,-0.9
ghetto,0.0,-0.9
jumpy,0.0,-0.9
crushed,0.0,-0.9
destains,0.0,-0.9
assault,0.0,-0.9
ferociously,0.0,-0.9
hard,0.0,-0.9
prate,0.0,-0.9
fat-cat,0.0,-0.9
exorbitantance,0.0,-0.9
hassles,0.0,-0.9
abysmally,0.0,-0.9
demeaning,0.0,-0.9
immodest,0.0,-0.9
harms,0.0,-0.9
irresolvable,0.0,-0.9
limitations,0.0,-0.9
dawdle,0.0,-0.9
shrouded,0.0,-0.9
smuttiest,0.0,-0.9
passe,0.0,-0.9
mistake,0.0,-0.9
clunky,0.0,-0.9
abuse,0.0,-0.9
sink,0.0,-0.9
floundering,0.0,-0.9
harrow,0.0,-0.9
deceiving,0.0,-0.9
hellion,0.0,-0.9
noise,0.0,-0.9
bother,0.0,-0.9
perfidious,0.0,-0.9
opportunistic,0.0,-0.9
irately,0.0,-0.9
perturbed,0.0,-0.9
belligerence,0.0,-0.9
rebuke,0.0,-0.9
unbelievably,0.0,-0.9
catastrophically,0.0,-0.9
cuss,0.0,-0.9
prohibit,0.0,-0.9
disclaim,0.0,-0.9
bullyingly,0.0,-0.9
enraging,0.0,-0.9
dud,0.0,-0.9
admonish,0.0,-0.9
bravado,0.0,-0.9
disappointed,0.0,-0.9
unsure,0.0,-0.9
repress,0.0,-0.9
impudence,0.0,-0.9
ruin,0.0,-0.9
banal,0.0,-0.9
lagging,0.0,-0.9
discontent,0.0,-0.9
shunned,0.0,-0.9
cold,0.0,-0.9
creak,0.0,-0.9
untruthful,0.0,-0.9
dehumanize,0.0,-0.9
thug,0.0,-0.9
worthlessly,0.0,-0.9
vagrant,0.0,-0.9
accursed,0.0,-0.9
bum,0.0,-0.9
loathly,0.0,-0.9
chunky,0.0,-0.9
sputter,0.0,-0.9
eviscerate,0.0,-0.9
limp,0.0,-0.9
loneliness,0.0,-0.9
self-interest,0.0,-0.9
picketed,0.0,-0.9
squash,0.0,-0.9
disorder,0.0,-0.9
strange,0.0,-0.9
struck,0.0,-0.9
betrayal,0.0,-0.9
disturb,0.0,-0.9
unrealistic,0.0,-0.9
antagonist,0.0,-0.9
questionable,0.0,-0.9
inactive,0.0,-0.9
cheapen,0.0,-0.9
lame,0.0,-0.9
irregular,0.0,-0.9
corrupting,0.0,-0.9
heavy-handed,0.0,-0.9
pertinaciously,0.0,-0.9
adverse,0.0,-0.9
hubris,0.0,-0.9
refused,0.0,-0.9
ill-conceived,0.0,-0.9
layoff-happy,0.0,-0.9
unnerve,0.0,-0.9
overwhelmingly,0.0,-0.9
scorching,0.0,-0.9
revile,0.0,-0.9
fissures,0.0,-0.9
unlamentable,0.0,-0.9
gimmicky,0.0,-0.9
blameworthy,0.0,-0.9
crabby,0.0,-0.9
stampede,0.0,-0.9
hegemonism,0.0,-0.9
alarmingly,0.0,-0.9
authoritarian,0.0,-0.9
reprove,0.0,-0.9
bemused,0.0,-0.9
imposing,0.0,-0.9
fidgety,0.0,-0.9
discourteous,0.0,-0.9
suffocate,0.0,-0.9
irrationalities,0.0,-0.9
attacks,0.0,-0.9
ill-treatment,0.0,-0.9
desititute,0.0,-0.9
bent,0.0,-0.9
unequal,0.0,-0.9
sagging,0.0,-0.9
nettle,0.0,-0.9
murderously,0.0,-0.9
severity,0.0,-0.9
trashed,0.0,-0.9
repulsively,0.0,-0.9
chaos,0.0,-0.9
hung,0.0,-0.9
despairing,0.0,-0.9
lifeless,0.0,-0.9
nauseatingly,0.0,-0.9
haggard,0.0,-0.9
inglorious,0.0,-0.9
delirium,0.0,-0.9
inaction,0.0,-0.9
incessantly,0.0,-0.9
misses,0.0,-0.9
reject,0.0,-0.9
dejection,0.0,-0.9
distrust,0.0,-0.9
bruised,0.0,-0.9
spoil,0.0,-0.9
fractiously,0.0,-0.9
queer,0.0,-0.9
crowded,0.0,-0.9
fastuous,0.0,-0.9
torment,0.0,-0.9
spewing,0.0,-0.9
atrophy,0.0,-0.9
inaccuracy,0.0,-0.9
viciousness,0.0,-0.9
unwilling,0.0,-0.9
injustice,0.0,-0.9
sty,0.0,-0.9
importune,0.0,-0.9
hum,0.0,-0.9
declines,0.0,-0.9
deteriorate,0.0,-0.9
fatique,0.0,-0.9
gloomy,0.0,-0.9
beg,0.0,-0.9
domineer,0.0,-0.9
inappropriate,0.0,-0.9
outlaw,0.0,-0.9
irk,0.0,-0.9
perilously,0.0,-0.9
grievances,0.0,-0.9
shiver,0.0,-0.9
tyrant,0.0,-0.9
idiocies,0.0,-0.9
notoriously,0.0,-0.9
incorrigibly,0.0,-0.9
rival,0.0,-0.9
vibrates,0.0,-0.9
downbeat,0.0,-0.9
dismaying,0.0,-0.9
smug,0.0,-0.9
blinding,0.0,-0.9
dissemble,0.0,-0.9
mortified,0.0,-0.9
heedless,0.0,-0.9
scandalized,0.0,-0.9
disaster,0.0,-0.9
hawkish,0.0,-0.9
inveigle,0.0,-0.9
wiles,0.0,-0.9
overdone,0.0,-0.9
incomparable,0.0,-0.9
foulness,0.0,-0.9
bumpy,0.0,-0.9
collapse,0.0,-0.9
contradictory,0.0,-0.9
absence,0.0,-0.9
implication,0.0,-0.9
dwindling,0.0,-0.9
weary,0.0,-0.9
avariciously,0.0,-0.9
crashing,0.0,-0.9
wretched,0.0,-0.9
protesting,0.0,-0.9
pathetically,0.0,-0.9
procrastinate,0.0,-0.9
hairloss,0.0,-0.9
villify,0.0,-0.9
daunting,0.0,-0.9
threat,0.0,-0.9
inadvisable,0.0,-0.9
halfheartedly,0.0,-0.9
revengeful,0.0,-0.9
ruts,0.0,-0.9
inconsiderately,0.0,-0.9
aggressive,0.0,-0.9
slanderously,0.0,-0.9
infamy,0.0,-0.9
downturn,0.0,-0.9
fevers,0.0,-0.9
haughty,0.0,-0.9
anomaly,0.0,-0.9
impoverish,0.0,-0.9
inimical,0.0,-0.9
nasty,0.0,-0.9
sob,0.0,-0.9
spoilled,0.0,-0.9
conspiratorial,0.0,-0.9
crisis,0.0,-0.9
dismissive,0.0,-0.9
arbitrary,0.0,-0.9
recant,0.0,-0.9
topple,0.0,-0.9
discord,0.0,-0.9
brainwash,0.0,-0.9
indoctrination,0.0,-0.9
grievously,0.0,-0.9
sloppily,0.0,-0.9
tramp,0.0,-0.9
obstinately,0.0,-0.9
succumb,0.0,-0.9
unrelentingly,0.0,-0.9
strenuous,0.0,-0.9
water-down,0.0,-0.9
dissapointed,0.0,-0.9
scummy,0.0,-0.9
skeptic,0.0,-0.9
aches,0.0,-0.9
fleer,0.0,-0.9
insatiable,0.0,-0.9
tumultuous,0.0,-0.9
falsify,0.0,-0.9
turbulent,0.0,-0.9
uneasy,0.0,-0.9
instigator,0.0,-0.9
jeer,0.0,-0.9
lousy,0.0,-0.9
sickly,0.0,-0.9
symptoms,0.0,-0.9
despondent,0.0,-0.9
inoperable,0.0,-0.9
lecherous,0.0,-0.9
compulsive,0.0,-0.9
disgust,0.0,-0.9
regreted,0.0,-0.9
stalls,0.0,-0.9
unacceptablely,0.0,-0.9
rattled,0.0,-0.9
ostracize,0.0,-0.9
swelling,0.0,-0.9
impulsively,0.0,-0.9
pains,0.0,-0.9
squeaky,0.0,-0.9
wretch,0.0,-0.9
polluters,0.0,-0.9
depressing,0.0,-0.9
upheaval,0.0,-0.9
undercut,0.0,-0.9
uproar,0.0,-0.9
bulkier,0.0,-0.9
impose,0.0,-0.9
overplay,0.0,-0.9
guiltily,0.0,-0.9
nightmare,0.0,-0.9
confront,0.0,-0.9
malevolence,0.0,-0.9
disdainful,0.0,-0.9
midget,0.0,-0.9
allegations,0.0,-0.9
bellicose,0.0,-0.9
hissing,0.0,-0.9
disruptive,0.0,-0.9
emphatically,0.0,-0.9
imprecision,0.0,-0.9
brat,0.0,-0.9
immorally,0.0,-0.9
conservative,0.0,-0.9
concerned,0.0,-0.9
devastates,0.0,-0.9
limitation,0.0,-0.9
poverty,0.0,-0.9
expired,0.0,-0.9
dishonorable,0.0,-0.9
controversy,0.0,-0.9
slog,0.0,-0.9
atrocity,0.0,-0.9
dislocated,0.0,-0.9
belligerent,0.0,-0.9
insouciance,0.0,-0.9
sidetracked,0.0,-0.9
embroil,0.0,-0.9
ill-mannered,0.0,-0.9
insolence,0.0,-0.9
tumbles,0.0,-0.9
worthlessness,0.0,-0.9
flighty,0.0,-0.9
quibbles,0.0,-0.9
runaway,0.0,-0.9
servitude,0.0,-0.9
chatterbox,0.0,-0.9
miserable,0.0,-0.9
tacky,0.0,-0.9
malignant,0.0,-0.9
rebellious,0.0,-0.9
subdued,0.0,-0.9
fanatic,0.0,-0.9
stole,0.0,-0.9
ail,0.0,-0.9
drop-out,0.0,-0.9
misjudgment,0.0,-0.9
garish,0.0,-0.9
inessential,0.0,-0.9
regrettable,0.0,-0.9
bitch,0.0,-0.9
blaspheme,0.0,-0.9
obscenely,0.0,-0.9
faltered,0.0,-0.9
quitter,0.0,-0.9
rife,0.0,-0.9
disgracefully,0.0,-0.9
exagerated,0.0,-0.9
reluctantly,0.0,-0.9
blasphemous,0.0,-0.9
hedonistic,0.0,-0.9
contradiction,0.0,-0.9
astray,0.0,-0.9
rail,0.0,-0.9
goon,0.0,-0.9
regrettably,0.0,-0.9
smudged,0.0,-0.9
spitefulness,0.0,-0.9
blister,0.0,-0.9
chasten,0.0,-0.9
disapointed,0.0,-0.9
disillusioned,0.0,-0.9
flat-out,0.0,-0.9
murderer,0.0,-0.9
ridiculously,0.0,-0.9
hatred,0.0,-0.9
threatening,0.0,-0.9
lags,0.0,-0.9
raving,0.0,-0.9
top-heavy,0.0,-0.9
abnormal,0.0,-0.9
unfounded,0.0,-0.9
uncomfy,0.0,-0.9
spilling,0.0,-0.9
hothead,0.0,-0.9
donside,0.0,-0.9
wince,0.0,-0.9
cruelness,0.0,-0.9
apprehension,0.0,-0.9
smudges,0.0,-0.9
impedance,0.0,-0.9
coerce,0.0,-0.9
deviously,0.0,-0.9
inept,0.0,-0.9
bashing,0.0,-0.9
rash,0.0,-0.9
glut,0.0,-0.9
vestiges,0.0,-0.9
concerns,0.0,-0.9
contentious,0.0,-0.9
conspirator,0.0,-0.9
glibly,0.0,-0.9
shrew,0.0,-0.9
illegal,0.0,-0.9
incredulously,0.0,-0.9
viper,0.0,-0.9
obscenity,0.0,-0.9
antiquated,0.0,-0.9
reluctant,0.0,-0.9
quash,0.0,-0.9
murder,0.0,-0.9
powerless,0.0,-0.9
fascism,0.0,-0.9
timidness,0.0,-0.9
regression,0.0,-0.9
vibration,0.0,-0.9
miff,0.0,-0.9
inequalities,0.0,-0.9
showdown,0.0,-0.9
bombardment,0.0,-0.9
startle,0.0,-0.9
vengeance,0.0,-0.9
creeping,0.0,-0.9
stymied,0.0,-0.9
insults,0.0,-0.9
zealously,0.0,-0.9
impeach,0.0,-0.9
violent,0.0,-0.9
protests,0.0,-0.9
savagery,0.0,-0.9
anti-,0.0,-0.9
cheaply,0.0,-0.9
glib,0.0,-0.9
insurmountable,0.0,-0.9
agonize,0.0,-0.9
fruitlessly,0.0,-0.9
stiflingly,0.0,-0.9
hardship,0.0,-0.9
wasted,0.0,-0.9
inconveniently,0.0,-0.9
divisively,0.0,-0.9
writhe,0.0,-0.9
anti-us,0.0,-0.9
gallingly,0.0,-0.9
inconceivably,0.0,-0.9
grouchy,0.0,-0.9
crooks,0.0,-0.9
insolent,0.0,-0.9
wound,0.0,-0.9
conflict,0.0,-0.9
unprove,0.0,-0.9
flaunt,0.0,-0.9
miser,0.0,-0.9
two-faced,0.0,-0.9
mocked,0.0,-0.9
inordinate,0.0,-0.9
panick,0.0,-0.9
smell,0.0,-0.9
thoughtless,0.0,-0.9
indecently,0.0,-0.9
craftly,0.0,-0.9
rot,0.0,-0.9
stuffy,0.0,-0.9
infidels,0.0,-0.9
inhuman,0.0,-0.9
despair,0.0,-0.9
dubitable,0.0,-0.9
explode,0.0,-0.9
objectionable,0.0,-0.9
crass,0.0,-0.9
hallucinate,0.0,-0.9
failure,0.0,-0.9
fumes,0.0,-0.9
warily,0.0,-0.9
displeased,0.0,-0.9
shortsighted,0.0,-0.9
unspeakablely,0.0,-0.9
uncompromising,0.0,-0.9
distastefully,0.0,-0.9
liability,0.0,-0.9
raked,0.0,-0.9
barren,0.0,-0.9
presumptuously,0.0,-0.9
burning,0.0,-0.9
stranger,0.0,-0.9
anxiety,0.0,-0.9
craziness,0.0,-0.9
mispronounces,0.0,-0.9
pollute,0.0,-0.9
devastating,0.0,-0.9
dropout,0.0,-0.9
rampage,0.0,-0.9
bereavement,0.0,-0.9
suffering,0.0,-0.9
killjoy,0.0,-0.9
hatefulness,0.0,-0.9
overpriced,0.0,-0.9
senseless,0.0,-0.9
shemale,0.0,-0.9
capitulate,0.0,-0.9
flaw,0.0,-0.9
imbroglio,0.0,-0.9
boil,0.0,-0.9
sleazy,0.0,-0.9
morbid,0.0,-0.9
disrespecting,0.0,-0.9
superficiality,0.0,-0.9
obsolete,0.0,-0.9
disreputable,0.0,-0.9
enrage,0.0,-0.9
wreak,0.0,-0.9
revert,0.0,-0.9
overacted,0.0,-0.9
letch,0.0,-0.9
torturous,0.0,-0.9
droop,0.0,-0.9
suffered,0.0,-0.9
reviled,0.0,-0.9
delirious,0.0,-0.9
aspersions,0.0,-0.9
foolishness,0.0,-0.9
ailment,0.0,-0.9
deceitful,0.0,-0.9
exasperating,0.0,-0.9
frighten,0.0,-0.9
grieve,0.0,-0.9
convoluted,0.0,-0.9
restlessness,0.0,-0.9
reticent,0.0,-0.9
disavowal,0.0,-0.9
unjustifiably,0.0,-0.9
infested,0.0,-0.9
inordinately,0.0,-0.9
decadence,0.0,-0.9
excessive,0.0,-0.9
dope,0.0,-0.9
exacerbate,0.0,-0.9
forebodingly,0.0,-0.9
pretentious,0.0,-0.9
thirst,0.0,-0.9
goofy,0.0,-0.9
uproot,0.0,-0.9
war-like,0.0,-0.9
despise,0.0,-0.9
rascal,0.0,-0.9
tangled,0.0,-0.9
shrivel,0.0,-0.9
toll,0.0,-0.9
pedantic,0.0,-0.9
criticized,0.0,-0.9
agonies,0.0,-0.9
plotters,0.0,-0.9
undid,0.0,-0.9
darkness,0.0,-0.9
slogged,0.0,-0.9
dump,0.0,-0.9
laconic,0.0,-0.9
gainsay,0.0,-0.9
dodgey,0.0,-0.9
blockhead,0.0,-0.9
fathomless,0.0,-0.9
overpaid,0.0,-0.9
perversely,0.0,-0.9
measly,0.0,-0.9
disobey,0.0,-0.9
doddering,0.0,-0.9
exhorbitant,0.0,-0.9
racist,0.0,-0.9
cruelly,0.0,-0.9
gimmicking,0.0,-0.9
irresponsibly,0.0,-0.9
indignant,0.0,-0.9
imbalance,0.0,-0.9
sadden,0.0,-0.9
despondently,0.0,-0.9
bleak,0.0,-0.9
appall,0.0,-0.9
critic,0.0,-0.9
disquieting,0.0,-0.9
lag,0.0,-0.9
oddly,0.0,-0.9
gabble,0.0,-0.9
embarrassing,0.0,-0.9
mindless,0.0,-0.9
self-criticism,0.0,-0.9
unproving,0.0,-0.9
reluctance,0.0,-0.9
subjected,0.0,-0.9
bewilderment,0.0,-0.9
stubbornly,0.0,-0.9
squander,0.0,-0.9
anemic,0.0,-0.9
inferiority,0.0,-0.9
travesties,0.0,-0.9
contention,0.0,-0.9
profane,0.0,-0.9
invasive,0.0,-0.9
cursed,0.0,-0.9
strained,0.0,-0.9
low-rated,0.0,-0.9
dirtbag,0.0,-0.9
contemptuously,0.0,-0.9
denunciate,0.0,-0.9
lurk,0.0,-0.9
fractious,0.0,-0.9
obliterate,0.0,-0.9
phobic,0.0,-0.9
banalize,0.0,-0.9
complex,0.0,-0.9
pugnacity,0.0,-0.9
hasseling,0.0,-0.9
throb,0.0,-0.9
snare,0.0,-0.9
anti-semites,0.0,-0.9
blindingly,0.0,-0.9
chagrin,0.0,-0.9
aggravation,0.0,-0.9
hindrance,0.0,-0.9
dispensable,0.0,-0.9
inculcate,0.0,-0.9
hysteric,0.0,-0.9
mock,0.0,-0.9
ineligible,0.0,-0.9
prisoner,0.0,-0.9
pander,0.0,-0.9
quibble,0.0,-0.9
un-viewable,0.0,-0.9
menacing,0.0,-0.9
despoil,0.0,-0.9
get-rich,0.0,-0.9
omit,0.0,-0.9
weakness,0.0,-0.9
pique,0.0,-0.9
death,0.0,-0.9
intimidating,0.0,-0.9
dishonorablely,0.0,-0.9
unknown,0.0,-0.9
rejection,0.0,-0.9
retract,0.0,-0.9
scam,0.0,-0.9
wripping,0.0,-0.9
backward,0.0,-0.9
escapade,0.0,-0.9
drag,0.0,-0.9
butchery,0.0,-0.9
misinformed,0.0,-0.9
mist,0.0,-0.9
hamper,0.0,-0.9
misfit,0.0,-0.9
moronic,0.0,-0.9
excoriate,0.0,-0.9
deceitfully,0.0,-0.9
distraughtly,0.0,-0.9
partisans,0.0,-0.9
needlessly,0.0,-0.9
bleeding,0.0,-0.9
dazed,0.0,-0.9
delays,0.0,-0.9
impugn,0.0,-0.9
weaken,0.0,-0.9
ramshackle,0.0,-0.9
erase,0.0,-0.9
treachery,0.0,-0.9
unachievable,0.0,-0.9
belittled,0.0,-0.9
scoldingly,0.0,-0.9
troublemaker,0.0,-0.9
incoherence,0.0,-0.9
vulgar,0.0,-0.9
conflicts,0.0,-0.9
desolate,0.0,-0.9
dismayingly,0.0,-0.9
discouraging,0.0,-0.9
ill-advised,0.0,-0.9
lanky,0.0,-0.9
pessimistically,0.0,-0.9
unuseably,0.0,-0.9
spinster,0.0,-0.9
invader,0.0,-0.9
disloyal,0.0,-0.9
inability,0.0,-0.9
oppose,0.0,-0.9
pillory,0.0,-0.9
dissonantly,0.0,-0.9
unclean,0.0,-0.9
frustrations,0.0,-0.9
hoodium,0.0,-0.9
anti-occupation,0.0,-0.9
difficult,0.0,-0.9
fatuously,0.0,-0.9
upsets,0.0,-0.9
tarnishes,0.0,-0.9
damper,0.0,-0.9
undermines,0.0,-0.9
smokescreen,0.0,-0.9
shameless,0.0,-0.9
instigate,0.0,-0.9
harshly,0.0,-0.9
slime,0.0,-0.9
vainly,0.0,-0.9
timidly,0.0,-0.9
sarcasm,0.0,-0.9
arcane,0.0,-0.9
disoobedient,0.0,-0.9
demonizing,0.0,-0.9
dissonant,0.0,-0.9
skinny,0.0,-0.9
stifle,0.0,-0.9
flairs,0.0,-0.9
downer,0.0,-0.9
miserably,0.0,-0.9
issues,0.0,-0.9
precariously,0.0,-0.9
unworthy,0.0,-0.9
strike,0.0,-0.9
complain,0.0,-0.9
dissolute,0.0,-0.9
contrive,0.0,-0.9
stagnate,0.0,-0.9
mystify,0.0,-0.9
belligerently,0.0,-0.9
bull****,0.0,-0.9
dupe,0.0,-0.9
fretful,0.0,-0.9
stinging,0.0,-0.9
impatient,0.0,-0.9
disproportionate,0.0,-0.9
smoke,0.0,-0.9
trapped,0.0,-0.9
slogging,0.0,-0.9
fatcats,0.0,-0.9
grievance,0.0,-0.9
deceiver,0.0,-0.9
tanks,0.0,-0.9
superficial,0.0,-0.9
urgent,0.0,-0.9
head-aches,0.0,-0.9
inexplainable,0.0,-0.9
jabber,0.0,-0.9
deadlock,0.0,-0.9
uncertain,0.0,-0.9
mischievous,0.0,-0.9
offensive,0.0,-0.9
autocrat,0.0,-0.9
repugnant,0.0,-0.9
scoundrel,0.0,-0.9
demoralizingly,0.0,-0.9
rampant,0.0,-0.9
egocentric,0.0,-0.9
alarming,0.0,-0.9
fears,0.0,-0.9
regret,0.0,-0.9
wastefulness,0.0,-0.9
angry,0.0,-0.9
enviously,0.0,-0.9
annoying,0.0,-0.9
costly,0.0,-0.9
wripped,0.0,-0.9
creep,0.0,-0.9
pugnacious,0.0,-0.9
mordant,0.0,-0.9
defensive,0.0,-0.9
disgustingly,0.0,-0.9
needy,0.0,-0.9
inextricably,0.0,-0.9
maladjusted,0.0,-0.9
spews,0.0,-0.9
gaudy,0.0,-0.9
unsteadily,0.0,-0.9
whiny,0.0,-0.9
dents,0.0,-0.9
maladjustment,0.0,-0.9
dispiriting,0.0,-0.9
malcontented,0.0,-0.9
disliking,0.0,-0.9
figurehead,0.0,-0.9
dissing,0.0,-0.9
misunderstanding,0.0,-0.9
lech,0.0,-0.9
nettlesome,0.0,-0.9
overstatement,0.0,-0.9
fiction,0.0,-0.9
confuses,0.0,-0.9
inhibit,0.0,-0.9
perverts,0.0,-0.9
retreat,0.0,-0.9
miscellaneous,0.0,-0.9
sorely,0.0,-0.9
acrid,0.0,-0.9
daze,0.0,-0.9
grate,0.0,-0.9
bitterly,0.0,-0.9
aggravating,0.0,-0.9
dragging,0.0,-0.9
engulf,0.0,-0.9
musty,0.0,-0.9
deride,0.0,-0.9
perverse,0.0,-0.9
prison,0.0,-0.9
torrent,0.0,-0.9
embroiled,0.0,-0.9
mindlessly,0.0,-0.9
heckled,0.0,-0.9
brutally,0.0,-0.9
fatigue,0.0,-0.9
doubts,0.0,-0.9
incorrectly,0.0,-0.9
obstruction,0.0,-0.9
mishap,0.0,-0.9
object,0.0,-0.9
agonizingly,0.0,-0.9
malevolently,0.0,-0.9
onerous,0.0,-0.9
stun,0.0,-0.9
stunt,0.0,-0.9
asininely,0.0,-0.9
complicated,0.0,-0.9
delinquent,0.0,-0.9
reprehensibly,0.0,-0.9
squealing,0.0,-0.9
overbearingly,0.0,-0.9
smouldering,0.0,-0.9
inexcusable,0.0,-0.9
disappointment,0.0,-0.9
loot,0.0,-0.9
unclear,0.0,-0.9
polemize,0.0,-0.9
cheating,0.0,-0.9
brutalize,0.0,-0.9
fat-cats,0.0,-0.9
condemns,0.0,-0.9
fuzzy,0.0,-0.9
pointlessly,0.0,-0.9
bicker,0.0,-0.9
sh*t,0.0,-0.9
licentiously,0.0,-0.9
skulk,0.0,-0.9
anti-social,0.0,-0.9
sugar-coat,0.0,-0.9
unconfirmed,0.0,-0.9
afflictive,0.0,-0.9
depravedly,0.0,-0.9
unproves,0.0,-0.9
sadness,0.0,-0.9
cave,0.0,-0.9
unsavory,0.0,-0.9
scaly,0.0,-0.9
fundamentalism,0.0,-0.9
diappointed,0.0,-0.9
inaudible,0.0,-0.9
bulky,0.0,-0.9
appallingly,0.0,-0.9
distort,0.0,-0.9
failing,0.0,-0.9
forswear,0.0,-0.9
busybody,0.0,-0.9
menacingly,0.0,-0.9
farce,0.0,-0.9
lividly,0.0,-0.9
high-priced,0.0,-0.9
massacre,0.0,-0.9
repressive,0.0,-0.9
hostilities,0.0,-0.9
exaggeration,0.0,-0.9
imposition,0.0,-0.9
cancerous,0.0,-0.9
snobish,0.0,-0.9
illegally,0.0,-0.9
manipulators,0.0,-0.9
obese,0.0,-0.9
stunted,0.0,-0.9
discoutinous,0.0,-0.9
oversize,0.0,-0.9
bungling,0.0,-0.9
inequitably,0.0,-0.9
flaky,0.0,-0.9
ruthlessly,0.0,-0.9
slowww,0.0,-0.9
wildly,0.0,-0.9
harangue,0.0,-0.9
tattered,0.0,-0.9
dissent,0.0,-0.9
madman,0.0,-0.9
overstatements,0.0,-0.9
disputed,0.0,-0.9
irritations,0.0,-0.9
gravely,0.0,-0.9
crash,0.0,-0.9
limit,0.0,-0.9
deluded,0.0,-0.9
misguide,0.0,-0.9
struggles,0.0,-0.9
radicals,0.0,-0.9
derogatory,0.0,-0.9
suicidal,0.0,-0.9
lewdness,0.0,-0.9
wobbled,0.0,-0.9
unwelcome,0.0,-0.9
discombobulate,0.0,-0.9
fatalistic,0.0,-0.9
malady,0.0,-0.9
wounds,0.0,-0.9
misalign,0.0,-0.9
jitter,0.0,-0.9
dizzingly,0.0,-0.9
vilify,0.0,-0.9
indiscretion,0.0,-0.9
bumpping,0.0,-0.9
jolt,0.0,-0.9
adversity,0.0,-0.9
wrongful,0.0,-0.9
confound,0.0,-0.9
awkwardness,0.0,-0.9
tempest,0.0,-0.9
overkill,0.0,-0.9
despot,0.0,-0.9
sarcastic,0.0,-0.9
maddening,0.0,-0.9
ordeal,0.0,-0.9
chore,0.0,-0.9
stressfully,0.0,-0.9
foully,0.0,-0.9
back-wood,0.0,-0.9
crush,0.0,-0.9
splatter,0.0,-0.9
undue,0.0,-0.9
vent,0.0,-0.9
full-blown,0.0,-0.9
backwardness,0.0,-0.9
maniac,0.0,-0.9
insincerely,0.0,-0.9
miscalculate,0.0,-0.9
traumatized,0.0,-0.9
instigators,0.0,-0.9
lawlessness,0.0,-0.9
corrupts,0.0,-0.9
jeopardy,0.0,-0.9
stupid,0.0,-0.9
spiritless,0.0,-0.9
alarm,0.0,-0.9
inhospitality,0.0,-0.9
harmed,0.0,-0.9
franticly,0.0,-0.9
stigma,0.0,-0.9
prosecute,0.0,-0.9
hardships,0.0,-0.9
impulsive,0.0,-0.9
cliched,0.0,-0.9
scarce,0.0,-0.9
unusably,0.0,-0.9
lure,0.0,-0.9
corrupt,0.0,-0.9
dauntingly,0.0,-0.9
crummy,0.0,-0.9
wayward,0.0,-0.9
negligence,0.0,-0.9
vociferously,0.0,-0.9
slaughtered,0.0,-0.9
complaining,0.0,-0.9
indulge,0.0,-0.9
spurious,0.0,-0.9
missed,0.0,-0.9
knave,0.0,-0.9
tenderness,0.0,-0.9
wariness,0.0,-0.9
villianous,0.0,-0.9
odor,0.0,-0.9
stagnation,0.0,-0.9
asinininity,0.0,-0.9
demon,0.0,-0.9
caustically,0.0,-0.9
disinclined,0.0,-0.9
facetious,0.0,-0.9
fiend,0.0,-0.9
galling,0.0,-0.9
havoc,0.0,-0.9
nefarious,0.0,-0.9
grumpiest,0.0,-0.9
insubstantially,0.0,-0.9
blurred,0.0,-0.9
aching,0.0,-0.9
losses,0.0,-0.9
cussed,0.0,-0.9
diss,0.0,-0.9
cloudy,0.0,-0.9
horrific,0.0,-0.9
raging,0.0,-0.9
bewilder,0.0,-0.9
hates,0.0,-0.9
vexation,0.0,-0.9
jerky,0.0,-0.9
irascible,0.0,-0.9
deplorably,0.0,-0.9
evils,0.0,-0.9
setbacks,0.0,-0.9
mischief,0.0,-0.9
reprehensible,0.0,-0.9
susceptible,0.0,-0.9
itchy,0.0,-0.9
fuck,0.0,-0.9
hassled,0.0,-0.9
lack,0.0,-0.9
apathetic,0.0,-0.9
overpower,0.0,-0.9
backache,0.0,-0.9
disruption,0.0,-0.9
harpy,0.0,-0.9
misunderstandings,0.0,-0.9
misbecome,0.0,-0.9
misconception,0.0,-0.9
overblown,0.0,-0.9
symptom,0.0,-0.9
trashy,0.0,-0.9
graceless,0.0,-0.9
obstruct,0.0,-0.9
straggler,0.0,-0.9
dismally,0.0,-0.9
bomb,0.0,-0.9
cranky,0.0,-0.9
lambaste,0.0,-0.9
inane,0.0,-0.9
suck,0.0,-0.9
absurdness,0.0,-0.9
headaches,0.0,-0.9
confounding,0.0,-0.9
pigs,0.0,-0.9
offensiveness,0.0,-0.9
evade,0.0,-0.9
lesser-known,0.0,-0.9
infections,0.0,-0.9
stammer,0.0,-0.9
insulting,0.0,-0.9
victimize,0.0,-0.9
incompatible,0.0,-0.9
derisive,0.0,-0.9
thoughtlessly,0.0,-0.9
curses,0.0,-0.9
deadly,0.0,-0.9
drunkard,0.0,-0.9
inadverent,0.0,-0.9
paradoxical,0.0,-0.9
suicide,0.0,-0.9
downheartedly,0.0,-0.9
discouragingly,0.0,-0.9
testy,0.0,-0.9
sap,0.0,-0.9
unreliability,0.0,-0.9
mislike,0.0,-0.9
incapable,0.0,-0.9
paranoia,0.0,-0.9
perilous,0.0,-0.9
guilt,0.0,-0.9
subservience,0.0,-0.9
unjustified,0.0,-0.9
scrambling,0.0,-0.9
belie,0.0,-0.9
mar,0.0,-0.9
sinking,0.0,-0.9
contagious,0.0,-0.9
craps,0.0,-0.9
overbalance,0.0,-0.9
uncivilized,0.0,-0.9
wilt,0.0,-0.9
headache,0.0,-0.9
traumatize,0.0,-0.9
worse,0.0,-0.9
disturbingly,0.0,-0.9
disfavor,0.0,-0.9
deteriorating,0.0,-0.9
regretted,0.0,-0.9
disobedient,0.0,-0.9
dings,0.0,-0.9
inapt,0.0,-0.9
snag,0.0,-0.9
surrender,0.0,-0.9
illicit,0.0,-0.9
obtuse,0.0,-0.9
defiantly,0.0,-0.9
flawed,0.0,-0.9
falsely,0.0,-0.9
infirm,0.0,-0.9
persecute,0.0,-0.9
cataclysmic,0.0,-0.9
stubbornness,0.0,-0.9
castrated,0.0,-0.9
bleeds,0.0,-0.9
stodgy,0.0,-0.9
absentee,0.0,-0.9
slave,0.0,-0.9
deficient,0.0,-0.9
meddlesome,0.0,-0.9
inundate,0.0,-0.9
cramping,0.0,-0.9
loathe,0.0,-0.9
despotic,0.0,-0.9
dick,0.0,-0.9
insupportable,0.0,-0.9
straining,0.0,-0.9
defiance,0.0,-0.9
bombastic,0.0,-0.9
confusion,0.0,-0.9
disagreement,0.0,-0.9
pretence,0.0,-0.9
criticisms,0.0,-0.9
concede,0.0,-0.9
accusations,0.0,-0.9
lackey,0.0,-0.9
stricken,0.0,-0.9
unfamiliar,0.0,-0.9
sceptical,0.0,-0.9
chastisement,0.0,-0.9
choke,0.0,-0.9
cruelties,0.0,-0.9
renounce,0.0,-0.9
stolen,0.0,-0.9
unipolar,0.0,-0.9
spitefully,0.0,-0.9
humiliation,0.0,-0.9
die,0.0,-0.9
revenge,0.0,-0.9
underlings,0.0,-0.9
reactionary,0.0,-0.9
hurted,0.0,-0.9
deprave,0.0,-0.9
heartless,0.0,-0.9
horrify,0.0,-0.9
contempt,0.0,-0.9
rhetorical,0.0,-0.9
crook,0.0,-0.9
less-developed,0.0,-0.9
brutish,0.0,-0.9
reprehensive,0.0,-0.9
inflammation,0.0,-0.9
relentless,0.0,-0.9
corrupted,0.0,-0.9
forlornly,0.0,-0.9
contortions,0.0,-0.9
loathsomely,0.0,-0.9
pitiless,0.0,-0.9
disapprove,0.0,-0.9
bastard,0.0,-0.9
ineffectiveness,0.0,-0.9
strife,0.0,-0.9
chronic,0.0,-0.9
unthinkably,0.0,-0.9
harass,0.0,-0.9
taint,0.0,-0.9
haggle,0.0,-0.9
mistaken,0.0,-0.9
denigrate,0.0,-0.9
irresolute,0.0,-0.9
sinister,0.0,-0.9
clamor,0.0,-0.9
fake,0.0,-0.9
imaginary,0.0,-0.9
cliche,0.0,-0.9
insubordinate,0.0,-0.9
despicable,0.0,-0.9
fainthearted,0.0,-0.9
refute,0.0,-0.9
slower,0.0,-0.9
deceivers,0.0,-0.9
nagging,0.0,-0.9
solemn,0.0,-0.9
fiendish,0.0,-0.9
haphazard,0.0,-0.9
truant,0.0,-0.9
greed,0.0,-0.9
unfinished,0.0,-0.9
slow-moving,0.0,-0.9
despondency,0.0,-0.9
mischievously,0.0,-0.9
plague,0.0,-0.9
cackle,0.0,-0.9
inhumane,0.0,-0.9
fumble,0.0,-0.9
cataclysmically,0.0,-0.9
disdain,0.0,-0.9
overstate,0.0,-0.9
odder,0.0,-0.9
inexorably,0.0,-0.9
rile,0.0,-0.9
mirage,0.0,-0.9
longingly,0.0,-0.9
hedge,0.0,-0.9
precipitate,0.0,-0.9
scarily,0.0,-0.9
uproariously,0.0,-0.9
blurry,0.0,-0.9
capriciously,0.0,-0.9
messy,0.0,-0.9
unilateralism,0.0,-0.9
immovable,0.0,-0.9
roadblocks,0.0,-0.9
somber,0.0,-0.9
teasingly,0.0,-0.9
upsetting,0.0,-0.9
irked,0.0,-0.9
restriction,0.0,-0.9
inexperience,0.0,-0.9
breaking,0.0,-0.9
illogically,0.0,-0.9
infraction,0.0,-0.9
flaws,0.0,-0.9
annihilation,0.0,-0.9
emptiness,0.0,-0.9
nauseate,0.0,-0.9
alarmed,0.0,-0.9
contamination,0.0,-0.9
disrespect,0.0,-0.9
problems,0.0,-0.9
punishable,0.0,-0.9
unfaithfully,0.0,-0.9
frazzled,0.0,-0.9
juddering,0.0,-0.9
emasculate,0.0,-0.9
fracture,0.0,-0.9
bleed,0.0,-0.9
horrified,0.0,-0.9
insensitively,0.0,-0.9
suspicion,0.0,-0.9
contend,0.0,-0.9
pain,0.0,-0.9
rants,0.0,-0.9
dishonestly,0.0,-0.9
ignore,0.0,-0.9
tense,0.0,-0.9
dissatisfying,0.0,-0.9
uglier,0.0,-0.9
crumble,0.0,-0.9
apologist,0.0,-0.9
narrower,0.0,-0.9
flabbergast,0.0,-0.9
slothful,0.0,-0.9
woe,0.0,-0.9
inconsistencies,0.0,-0.9
errant,0.0,-0.9
rusts,0.0,-0.9
demonize,0.0,-0.9
wheedle,0.0,-0.9
distressing,0.0,-0.9
argumentative,0.0,-0.9
blockage,0.0,-0.9
complaints,0.0,-0.9
fatigued,0.0,-0.9
irking,0.0,-0.9
kills,0.0,-0.9
lambast,0.0,-0.9
ineloquent,0.0,-0.9
scary,0.0,-0.9
groundless,0.0,-0.9
ignoble,0.0,-0.9
sticky,0.0,-0.9
aggression,0.0,-0.9
deception,0.0,-0.9
malaise,0.0,-0.9
aimless,0.0,-0.9
misapprehend,0.0,-0.9
nervous,0.0,-0.9
commonplace,0.0,-0.9
awfully,0.0,-0.9
bitchy,0.0,-0.9
tingling,0.0,-0.9
stubborn,0.0,-0.9
gawky,0.0,-0.9
dastardly,0.0,-0.9
propagandize,0.0,-0.9
contaminated,0.0,-0.9
shamelessly,0.0,-0.9
scathingly,0.0,-0.9
detracts,0.0,-0.9
discontented,0.0,-0.9
vile,0.0,-0.9
bloated,0.0,-0.9
worrying,0.0,-0.9
devilment,0.0,-0.9
sickening,0.0,-0.9
smudge,0.0,-0.9
repression,0.0,-0.9
joke,0.0,-0.9
snagged,0.0,-0.9
sully,0.0,-0.9
dearth,0.0,-0.9
hardhearted,0.0,-0.9
rebuff,0.0,-0.9
exhausted,0.0,-0.9
screwed,0.0,-0.9
scum,0.0,-0.9
silly,0.0,-0.9
decrepitude,0.0,-0.9
steals,0.0,-0.9
lurking,0.0,-0.9
collude,0.0,-0.9
botch,0.0,-0.9
sunken,0.0,-0.9
dispiritedly,0.0,-0.9
gimmick,0.0,-0.9
helplessness,0.0,-0.9
tedious,0.0,-0.9
shambles,0.0,-0.9
deprecate,0.0,-0.9
smelly,0.0,-0.9
illogical,0.0,-0.9
stereotype,0.0,-0.9
wane,0.0,-0.9
jeering,0.0,-0.9
dizzy,0.0,-0.9
battering,0.0,-0.9
fails,0.0,-0.9
bugs,0.0,-0.9
cry,0.0,-0.9
unwarranted,0.0,-0.9
overbearing,0.0,-0.9
riled,0.0,-0.9
disagree,0.0,-0.9
remorseful,0.0,-0.9
idiots,0.0,-0.9
scarier,0.0,-0.9
unsuccessful,0.0,-0.9
frenetic,0.0,-0.9
anti-proliferation,0.0,-0.9
disasterous,0.0,-0.9
adversarial,0.0,-0.9
expropriate,0.0,-0.9
fright,0.0,-0.9
glum,0.0,-0.9
mangling,0.0,-0.9
outraged,0.0,-0.9
threesome,0.0,-0.9
besmirch,0.0,-0.9
unsuccessfully,0.0,-0.9
clique,0.0,-0.9
snagging,0.0,-0.9
smugly,0.0,-0.9
unsettle,0.0,-0.9
resurgent,0.0,-0.9
discriminate,0.0,-0.9
disregard,0.0,-0.9
biases,0.0,-0.9
scandalously,0.0,-0.9
unusually,0.0,-0.9
slanderous,0.0,-0.9
taboo,0.0,-0.9
hypocrite,0.0,-0.9
unnerved,0.0,-0.9
addict,0.0,-0.9
crueler,0.0,-0.9
fib,0.0,-0.9
disaffect,0.0,-0.9
weed,0.0,-0.9
condescension,0.0,-0.9
hopelessness,0.0,-0.9
misguidance,0.0,-0.9
regressive,0.0,-0.9
unlamentably,0.0,-0.9
useless,0.0,-0.9
emaciated,0.0,-0.9
blandish,0.0,-0.9
afraid,0.0,-0.9
calumniate,0.0,-0.9
venomously,0.0,-0.9
disown,0.0,-0.9
womanizer,0.0,-0.9
rifts,0.0,-0.9
ax,0.0,-0.9
mangled,0.0,-0.9
sobering,0.0,-0.9
fraudulent,0.0,-0.9
inundated,0.0,-0.9
jeers,0.0,-0.9
seethe,0.0,-0.9
feckless,0.0,-0.9
bleakness,0.0,-0.9
imprison,0.0,-0.9
detest,0.0,-0.9
dishearten,0.0,-0.9
short-lived,0.0,-0.9
disbeliever,0.0,-0.9
poisonously,0.0,-0.9
disapprobation,0.0,-0.9
negate,0.0,-0.9
pestilent,0.0,-0.9
recoil,0.0,-0.9
laughingstock,0.0,-0.9
retaliate,0.0,-0.9
spite,0.0,-0.9
dissident,0.0,-0.9
spook,0.0,-0.9
languid,0.0,-0.9
extortion,0.0,-0.9
corrode,0.0,-0.9
dismissively,0.0,-0.9
misleading,0.0,-0.9
insurrection,0.0,-0.9
defiler,0.0,-0.9
lackluster,0.0,-0.9
shroud,0.0,-0.9
distress,0.0,-0.9
shrill,0.0,-0.9
oddities,0.0,-0.9
calumny,0.0,-0.9
overloaded,0.0,-0.9
detracting,0.0,-0.9
flagrantly,0.0,-0.9
friggin,0.0,-0.9
curt,0.0,-0.9
huckster,0.0,-0.9
cynicism,0.0,-0.9
detract,0.0,-0.9
anxieties,0.0,-0.9
outrageously,0.0,-0.9
restrict,0.0,-0.9
sorry,0.0,-0.9
bribery,0.0,-0.9
regress,0.0,-0.9
washed-out,0.0,-0.9
meddle,0.0,-0.9
apprehensively,0.0,-0.9
hiss,0.0,-0.9
rankle,0.0,-0.9
cripple,0.0,-0.9
self-destructive,0.0,-0.9
mishandle,0.0,-0.9
disconsolate,0.0,-0.9
petrified,0.0,-0.9
occluded,0.0,-0.9
debaser,0.0,-0.9
rattles,0.0,-0.9
evildoer,0.0,-0.9
shortchange,0.0,-0.9
boredom,0.0,-0.9
touchy,0.0,-0.9
warning,0.0,-0.9
languorously,0.0,-0.9
flirty,0.0,-0.9
unjustly,0.0,-0.9
braggart,0.0,-0.9
harmful,0.0,-0.9
overawe,0.0,-0.9
mediocrity,0.0,-0.9
overthrows,0.0,-0.9
timidity,0.0,-0.9
blunders,0.0,-0.9
conscons,0.0,-0.9
skeletons,0.0,-0.9
sensationalize,0.0,-0.9
balk,0.0,-0.9
discompose,0.0,-0.9
second-class,0.0,-0.9
discriminatory,0.0,-0.9
degrade,0.0,-0.9
disconcertingly,0.0,-0.9
fudge,0.0,-0.9
envious,0.0,-0.9
fragmented,0.0,-0.9
annoyances,0.0,-0.9
scandalize,0.0,-0.9
squirm,0.0,-0.9
cruelty,0.0,-0.9
reprehension,0.0,-0.9
stringent,0.0,-0.9
stingy,0.0,-0.9
throttle,0.0,-0.9
disconcerted,0.0,-0.9
disconcerting,0.0,-0.9
ashamed,0.0,-0.9
declining,0.0,-0.9
plot,0.0,-0.9
dreadfulness,0.0,-0.9
fallout,0.0,-0.9
improper,0.0,-0.9
skeptical,0.0,-0.9
daunt,0.0,-0.9
affront,0.0,-0.9
bewildered,0.0,-0.9
distains,0.0,-0.9
smelled,0.0,-0.9
flirt,0.0,-0.9
boggle,0.0,-0.9
hysteria,0.0,-0.9
worsen,0.0,-0.9
screech,0.0,-0.9
orphan,0.0,-0.9
counter-productive,0.0,-0.9
irksome,0.0,-0.9
complains,0.0,-0.9
acrimony,0.0,-0.9
disintegrated,0.0,-0.9
life-threatening,0.0,-0.9
satirize,0.0,-0.9
unstable,0.0,-0.9
berate,0.0,-0.9
rotten,0.0,-0.9
declaim,0.0,-0.9
illusions,0.0,-0.9
kill,0.0,-0.9
rantingly,0.0,-0.9
hopelessly,0.0,-0.9
dissuasive,0.0,-0.9
berserk,0.0,-0.9
snags,0.0,-0.9
self-defeating,0.0,-0.9
horrendous,0.0,-0.9
onslaught,0.0,-0.9
broken,0.0,-0.9
thankless,0.0,-0.9
imprecisely,0.0,-0.9
bully,0.0,-0.9
god-awful,0.0,-0.9
disaffirm,0.0,-0.9
crappy,0.0,-0.9
splitting,0.0,-0.9
unconvincingly,0.0,-0.9
animosity,0.0,-0.9
inconsistency,0.0,-0.9
jagged,0.0,-0.9
mundane,0.0,-0.9
inanely,0.0,-0.9
broken-hearted,0.0,-0.9
immorality,0.0,-0.9
irritation,0.0,-0.9
oppressive,0.0,-0.9
overrun,0.0,-0.9
ironic,0.0,-0.9
torturing,0.0,-0.9
stupified,0.0,-0.9
moan,0.0,-0.9
selfishness,0.0,-0.9
drawbacks,0.0,-0.9
prejudge,0.0,-0.9
staid,0.0,-0.9
blasphemy,0.0,-0.9
stink,0.0,-0.9
ache,0.0,-0.9
sneeringly,0.0,-0.9
blunt,0.0,-0.9
forlorn,0.0,-0.9
jittery,0.0,-0.9
dissatisfy,0.0,-0.9
melodramatically,0.0,-0.9
vehement,0.0,-0.9
inaccurately,0.0,-0.9
slooow,0.0,-0.9
temerity,0.0,-0.9
irrelevant,0.0,-0.9
deceptive,0.0,-0.9
heretic,0.0,-0.9
disingenuously,0.0,-0.9
ineffectually,0.0,-0.9
impetuously,0.0,-0.9
insecurity,0.0,-0.9
irritable,0.0,-0.9
defame,0.0,-0.9
discredit,0.0,-0.9
furiously,0.0,-0.9
inhibition,0.0,-0.9
precarious,0.0,-0.9
disrespectablity,0.0,-0.9
scandals,0.0,-0.9
difficulty,0.0,-0.9
manic,0.0,-0.9
chastise,0.0,-0.9
lonely,0.0,-0.9
crack,0.0,-0.9
jobless,0.0,-0.9
indiscriminately,0.0,-0.9
obnoxious,0.0,-0.9
jeopardize,0.0,-0.9
oppositions,0.0,-0.9
compulsion,0.0,-0.9
debatable,0.0,-0.9
procrastination,0.0,-0.9
temptation,0.0,-0.9
opposition,0.0,-0.9
loath,0.0,-0.9
rumbling,0.0,-0.9
scare,0.0,-0.9
famished,0.0,-0.9
miscalculation,0.0,-0.9
timid,0.0,-0.9
infringe,0.0,-0.9
flickers,0.0,-0.9
unfavorable,0.0,-0.9
relentlessness,0.0,-0.9
fastidious,0.0,-0.9
disloyalty,0.0,-0.9
wreck,0.0,-0.9
peevish,0.0,-0.9
ineloquently,0.0,-0.9
enfeeble,0.0,-0.9
anomalous,0.0,-0.9
grudges,0.0,-0.9
impatience,0.0,-0.9
menace,0.0,-0.9
screw-up,0.0,-0.9
boisterous,0.0,-0.9
sloth,0.0,-0.9
dejectedly,0.0,-0.9
frost,0.0,-0.9
apocalypse,0.0,-0.9
leaking,0.0,-0.9
zaps,0.0,-0.9
outrageous,0.0,-0.9
sickeningly,0.0,-0.9
stinks,0.0,-0.9
self-humiliation,0.0,-0.9
mawkishness,0.0,-0.9
disappoint,0.0,-0.9
awful,0.0,-0.9
pathetic,0.0,-0.9
horrifying,0.0,-0.9
bs,0.0,-0.9
irredeemably,0.0,-0.9
contradict,0.0,-0.9
sketchy,0.0,-0.9
quarrellously,0.0,-0.9
loner,0.0,-0.9
plunderer,0.0,-0.9
tin-y,0.0,-0.9
illegitimate,0.0,-0.9
nuisance,0.0,-0.9
macabre,0.0,-0.9
hothouse,0.0,-0.9
bogus,0.0,-0.9
erratic,0.0,-0.9
mistakenly,0.0,-0.9
sacrificed,0.0,-0.9
maliciousness,0.0,-0.9
desiccated,0.0,-0.9
ultra-hardline,0.0,-0.9
scolding,0.0,-0.9
mortify,0.0,-0.9
ruthless,0.0,-0.9
whores,0.0,-0.9
vain,0.0,-0.9
ill-natured,0.0,-0.9
snub,0.0,-0.9
indiscreet,0.0,-0.9
apprehensions,0.0,-0.9
flabbergasted,0.0,-0.9
disgusting,0.0,-0.9
harm,0.0,-0.9
incomprehension,0.0,-0.9
grief,0.0,-0.9
inflationary,0.0,-0.9
fragile,0.0,-0.9
stereotypically,0.0,-0.9
degenerate,0.0,-0.9
disagreeably,0.0,-0.9
obscures,0.0,-0.9
transgress,0.0,-0.9
denying,0.0,-0.9
excuses,0.0,-0.9
cravenly,0.0,-0.9
rivalry,0.0,-0.9
proprietary,0.0,-0.9
impious,0.0,-0.9
breakup,0.0,-0.9
vibrated,0.0,-0.9
complaint,0.0,-0.9
monotonous,0.0,-0.9
wobbles,0.0,-0.9
diffidence,0.0,-0.9
hells,0.0,-0.9
prideful,0.0,-0.9
pretentiously,0.0,-0.9
explosive,0.0,-0.9
election-rigger,0.0,-0.9
enjoin,0.0,-0.9
incompatibility,0.0,-0.9
refuse,0.0,-0.9
unnerving,0.0,-0.9
sporadic,0.0,-0.9
irony,0.0,-0.9
fall,0.0,-0.9
banishment,0.0,-0.9
refusing,0.0,-0.9
disobedience,0.0,-0.9
stupor,0.0,-0.9
hater,0.0,-0.9
impenitent,0.0,-0.9
retarded,0.0,-0.9
sillily,0.0,-0.9
outburst,0.0,-0.9
mysteriously,0.0,-0.9
offence,0.0,-0.9
comical,0.0,-0.9
gullible,0.0,-0.9
omission,0.0,-0.9
enemies,0.0,-0.9
racism,0.0,-0.9
refutation,0.0,-0.9
draining,0.0,-0.9
officious,0.0,-0.9
sidetrack,0.0,-0.9
harassment,0.0,-0.9
stress,0.0,-0.9
troubled,0.0,-0.9
imprecate,0.0,-0.9
guile,0.0,-0.9
viciously,0.0,-0.9
uncompetitive,0.0,-0.9
unsafe,0.0,-0.9
deficiencies,0.0,-0.9
improperly,0.0,-0.9
injurious,0.0,-0.9
desolately,0.0,-0.9
impossibly,0.0,-0.9
leakage,0.0,-0.9
oppression,0.0,-0.9
dissocial,0.0,-0.9
tamper,0.0,-0.9
rhapsodize,0.0,-0.9
impropriety,0.0,-0.9
buggy,0.0,-0.9
controversial,0.0,-0.9
pertinacious,0.0,-0.9
grieving,0.0,-0.9
devastate,0.0,-0.9
diatribes,0.0,-0.9
bastards,0.0,-0.9
condemnable,0.0,-0.9
disorderly,0.0,-0.9
undefined,0.0,-0.9
wrongly,0.0,-0.9
blasted,0.0,-0.9
reprovingly,0.0,-0.9
starve,0.0,-0.9
uncollectible,0.0,-0.9
dogmatic,0.0,-0.9
trauma,0.0,-0.9
suspicions,0.0,-0.9
implicate,0.0,-0.9
overstated,0.0,-0.9
perplexing,0.0,-0.9
frail,0.0,-0.9
nemesis,0.0,-0.9
facetiously,0.0,-0.9
bluring,0.0,-0.9
dirtbags,0.0,-0.9
incongruous,0.0,-0.9
squeak,0.0,-0.9
boiling,0.0,-0.9
dictatorial,0.0,-0.9
rift,0.0,-0.9
mistrustful,0.0,-0.9
hell-bent,0.0,-0.9
flaking,0.0,-0.9
asperse,0.0,-0.9
goad,0.0,-0.9
impasse,0.0,-0.9
doubt,0.0,-0.9
afflict,0.0,-0.9
complacent,0.0,-0.9
arrogant,0.0,-0.9
shabby,0.0,-0.9
denunciation,0.0,-0.9
occlude,0.0,-0.9
bungler,0.0,-0.9
deign,0.0,-0.9
exploit,0.0,-0.9
inflame,0.0,-0.9
jitters,0.0,-0.9
wearisome,0.0,-0.9
congestion,0.0,-0.9
ill-defined,0.0,-0.9
risks,0.0,-0.9
unproven,0.0,-0.9
buzzing,0.0,-0.9
contrariness,0.0,-0.9
disputable,0.0,-0.9
dirt,0.0,-0.9
helpless,0.0,-0.9
ruined,0.0,-0.9
downhearted,0.0,-0.9
hastily,0.0,-0.9
hazy,0.0,-0.9
impede,0.0,-0.9
inefficacious,0.0,-0.9
lowly,0.0,-0.9
rip-off,0.0,-0.9
debt,0.0,-0.9
lawless,0.0,-0.9
bothering,0.0,-0.9
exagerates,0.0,-0.9
flagrant,0.0,-0.9
undependable,0.0,-0.9
unimaginably,0.0,-0.9
conceited,0.0,-0.9
inconstant,0.0,-0.9
gangster,0.0,-0.9
ambush,0.0,-0.9
disrepute,0.0,-0.9
crude,0.0,-0.9
insidiously,0.0,-0.9
allergic,0.0,-0.9
exorbitantly,0.0,-0.9
parody,0.0,-0.9
sorrow,0.0,-0.9
impersonal,0.0,-0.9
unviewable,0.0,-0.9
misreading,0.0,-0.9
glaringly,0.0,-0.9
scoffingly,0.0,-0.9
incompetently,0.0,-0.9
aversion,0.0,-0.9
jerk,0.0,-0.9
dissonance,0.0,-0.9
faint,0.0,-0.9
entanglement,0.0,-0.9
iniquity,0.0,-0.9
bemoaning,0.0,-0.9
picky,0.0,-0.9
disrespectfully,0.0,-0.9
felon,0.0,-0.9
stumbles,0.0,-0.9
ominously,0.0,-0.9
terror,0.0,-0.9
subservient,0.0,-0.9
displeasure,0.0,-0.9
drunken,0.0,-0.9
grouse,0.0,-0.9
slashing,0.0,-0.9
unbearablely,0.0,-0.9
savage,0.0,-0.9
felonious,0.0,-0.9
inconsolably,0.0,-0.9
undercuts,0.0,-0.9
entrapment,0.0,-0.9
indiscriminating,0.0,-0.9
redundant,0.0,-0.9
destroyer,0.0,-0.9
sue,0.0,-0.9
vague,0.0,-0.9
inadvisably,0.0,-0.9
siege,0.0,-0.9
critics,0.0,-0.9
falling,0.0,-0.9
bashed,0.0,-0.9
overwhelm,0.0,-0.9
prick,0.0,-0.9
entrap,0.0,-0.9
insurmountably,0.0,-0.9
over-balanced,0.0,-0.9
discontinuity,0.0,-0.9
remorsefully,0.0,-0.9
sluggish,0.0,-0.9
unconvincing,0.0,-0.9
growl,0.0,-0.9
iniquitous,0.0,-0.9
quarrelsome,0.0,-0.9
stab,0.0,-0.9
cunts,0.0,-0.9
lier,0.0,-0.9
denies,0.0,-0.9
idiotic,0.0,-0.9
backaching,0.0,-0.9
interference,0.0,-0.9
sucky,0.0,-0.9
miscreants,0.0,-0.9
subpoena,0.0,-0.9
avenge,0.0,-0.9
unhelpful,0.0,-0.9
damning,0.0,-0.9
heartbreaker,0.0,-0.9
puzzlement,0.0,-0.9
bullshyt,0.0,-0.9
unjust,0.0,-0.9
fallaciousness,0.0,-0.9
extremism,0.0,-0.9
cartoonish,0.0,-0.9
mess,0.0,-0.9
apologists,0.0,-0.9
scourge,0.0,-0.9
encroachment,0.0,-0.9
filthy,0.0,-0.9
ruffle,0.0,-0.9
crooked,0.0,-0.9
disgustedly,0.0,-0.9
mangle,0.0,-0.9
set-up,0.0,-0.9
usurper,0.0,-0.9
innuendo,0.0,-0.9
sabotage,0.0,-0.9
discomfit,0.0,-0.9
conflicting,0.0,-0.9
crumple,0.0,-0.9
oversimplified,0.0,-0.9
madly,0.0,-0.9
precipitous,0.0,-0.9
lovelorn,0.0,-0.9
cripples,0.0,-0.9
beset,0.0,-0.9
contaminate,0.0,-0.9
darkened,0.0,-0.9
downturns,0.0,-0.9
vexing,0.0,-0.9
wrong,0.0,-0.9
pariah,0.0,-0.9
chaotic,0.0,-0.9
lie,0.0,-0.9
grumpily,0.0,-0.9
devoid,0.0,-0.9
obsessiveness,0.0,-0.9
spurn,0.0,-0.9
remorseless,0.0,-0.9
insufferably,0.0,-0.9
retreated,0.0,-0.9
tumble,0.0,-0.9
mispronounce,0.0,-0.9
negative,0.0,-0.9
mania,0.0,-0.9
drought,0.0,-0.9
antithetical,0.0,-0.9
worriedly,0.0,-0.9
chintzy,0.0,-0.9
pertinacity,0.0,-0.9
screwed-up,0.0,-0.9
banish,0.0,-0.9
calamities,0.0,-0.9
jaundiced,0.0,-0.9
inclement,0.0,-0.9
weariness,0.0,-0.9
crept,0.0,-0.9
aborts,0.0,-0.9
collusion,0.0,-0.9
glitch,0.0,-0.9
perversity,0.0,-0.9
blab,0.0,-0.9
decrement,0.0,-0.9
inflexible,0.0,-0.9
tarnishing,0.0,-0.9
errors,0.0,-0.9
hardliners,0.0,-0.9
unhappy,0.0,-0.9
gloom,0.0,-0.9
lacks,0.0,-0.9
rough,0.0,-0.9
ill-used,0.0,-0.9
stringently,0.0,-0.9
fallacies,0.0,-0.9
debacle,0.0,-0.9
nitpick,0.0,-0.9
ugliness,0.0,-0.9
mistrustfully,0.0,-0.9
flees,0.0,-0.9
flickering,0.0,-0.9
chide,0.0,-0.9
killing,0.0,-0.9
baseless,0.0,-0.9
breakups,0.0,-0.9
dumb,0.0,-0.9
humming,0.0,-0.9
deviation,0.0,-0.9
cowardly,0.0,-0.9
intermittent,0.0,-0.9
tyrannical,0.0,-0.9
dejected,0.0,-0.9
refuting,0.0,-0.9
toxic,0.0,-0.9
payback,0.0,-0.9
sickness,0.0,-0.9
brutalising,0.0,-0.9
insincerity,0.0,-0.9
setback,0.0,-0.9
misbecoming,0.0,-0.9
vex,0.0,-0.9
polarisation,0.0,-0.9
boycott,0.0,-0.9
bland,0.0,-0.9
startling,0.0,-0.9
diabolical,0.0,-0.9
insult,0.0,-0.9
delay,0.0,-0.9
asinine,0.0,-0.9
disarm,0.0,-0.9
humid,0.0,-0.9
revulsive,0.0,-0.9
despondence,0.0,-0.9
persecution,0.0,-0.9
tawdry,0.0,-0.9
blindside,0.0,-0.9
doubtfully,0.0,-0.9
impolite,0.0,-0.9
naively,0.0,-0.9
self-interested,0.0,-0.9
solicitude,0.0,-0.9
decrepit,0.0,-0.9
hatefully,0.0,-0.9
aground,0.0,-0.9
sloooooooooooooow,0.0,-0.9
unuseable,0.0,-0.9
venom,0.0,-0.9
pretend,0.0,-0.9
torture,0.0,-0.9
pricey,0.0,-0.9
vomited,0.0,-0.9
exasperated,0.0,-0.9
brutalizing,0.0,-0.9
contaminates,0.0,-0.9
tainted,0.0,-0.9
goading,0.0,-0.9
insufficiently,0.0,-0.9
leakages,0.0,-0.9
saggy,0.0,-0.9
dies,0.0,-0.9
unsteadiness,0.0,-0.9
incendiary,0.0,-0.9
mistified,0.0,-0.9
obsess,0.0,-0.9
anti-american,0.0,-0.9
destabilisation,0.0,-0.9
terribleness,0.0,-0.9
tired,0.0,-0.9
struggling,0.0,-0.9
smear,0.0,-0.9
miscreant,0.0,-0.9
horrid,0.0,-0.9
painfull,0.0,-0.9
equivocal,0.0,-0.9
trash,0.0,-0.9
boring,0.0,-0.9
depressingly,0.0,-0.9
repugn,0.0,-0.9
delinquency,0.0,-0.9
fateful,0.0,-0.9
dictator,0.0,-0.9
leech,0.0,-0.9
harridan,0.0,-0.9
perplexed,0.0,-0.9
disintegration,0.0,-0.9
unmoved,0.0,-0.9
gripe,0.0,-0.9
restless,0.0,-0.9
offending,0.0,-0.9
thrash,0.0,-0.9
despotism,0.0,-0.9
offensively,0.0,-0.9
damnably,0.0,-0.9
absurd,0.0,-0.9
slur,0.0,-0.9
impolitic,0.0,-0.9
unfit,0.0,-0.9
vomits,0.0,-0.9
bid-rigging,0.0,-0.9
regrets,0.0,-0.9
destitute,0.0,-0.9
fool,0.0,-0.9
misaligns,0.0,-0.9
terrorize,0.0,-0.9
illiterate,0.0,-0.9
villian,0.0,-0.9
zealous,0.0,-0.9
sucked,0.0,-0.9
despoiler,0.0,-0.9
fanatically,0.0,-0.9
swagger,0.0,-0.9
waste,0.0,-0.9
mocks,0.0,-0.9
scar,0.0,-0.9
provocation,0.0,-0.9
lascivious,0.0,-0.9
criticize,0.0,-0.9
deplorable,0.0,-0.9
draconian,0.0,-0.9
insignificantly,0.0,-0.9
traitorous,0.0,-0.9
gibe,0.0,-0.9
intransigence,0.0,-0.9
mystery,0.0,-0.9
greedy,0.0,-0.9
misdirection,0.0,-0.9
grumpish,0.0,-0.9
revengefully,0.0,-0.9
impediment,0.0,-0.9
calamitously,0.0,-0.9
lose,0.0,-0.9
disquietingly,0.0,-0.9
murderous,0.0,-0.9
suspiciously,0.0,-0.9
twists,0.0,-0.9
downfallen,0.0,-0.9
spoon-feed,0.0,-0.9
haughtily,0.0,-0.9
cancer,0.0,-0.9
sore,0.0,-0.9
lament,0.0,-0.9
blather,0.0,-0.9
foe,0.0,-0.9
counterproductive,0.0,-0.9
lied,0.0,-0.9
rollercoaster,0.0,-0.9
unfunded,0.0,-0.9
smack,0.0,-0.9
unprepared,0.0,-0.9
dishonest,0.0,-0.9
extravagantly,0.0,-0.9
foolhardy,0.0,-0.9
obstructs,0.0,-0.9
divergent,0.0,-0.9
devilish,0.0,-0.9
revolt,0.0,-0.9
warned,0.0,-0.9
violator,0.0,-0.9
pittance,0.0,-0.9
debauchery,0.0,-0.9
misery,0.0,-0.9
betray,0.0,-0.9
impurity,0.0,-0.9
farcically,0.0,-0.9
stuttering,0.0,-0.9
outsider,0.0,-0.9
monstrosity,0.0,-0.9
audacity,0.0,-0.9
delusion,0.0,-0.9
uprising,0.0,-0.9
overzealously,0.0,-0.9
worryingly,0.0,-0.9
dunce,0.0,-0.9
dissappointed,0.0,-0.9
intimidatingly,0.0,-0.9
blotchy,0.0,-0.9
demonizes,0.0,-0.9
heckle,0.0,-0.9
ill-usage,0.0,-0.9
devilishly,0.0,-0.9
enemy,0.0,-0.9
catastrophies,0.0,-0.9
bloodthirsty,0.0,-0.9
deform,0.0,-0.9
distrusting,0.0,-0.9
fallaciously,0.0,-0.9
shit,0.0,-0.9
ineffectualness,0.0,-0.9
grapple,0.0,-0.9
censure,0.0,-0.9
disintegrate,0.0,-0.9
lechery,0.0,-0.9
dissatisfactory,0.0,-0.9
faithless,0.0,-0.9
earsplitting,0.0,-0.9
run-down,0.0,-0.9
bored,0.0,-0.9
bitter,0.0,-0.9
baffling,0.0,-0.9
loss,0.0,-0.9
alienation,0.0,-0.9
disable,0.0,-0.9
aggrivation,0.0,-0.9
disgruntled,0.0,-0.9
flak,0.0,-0.9
douchbag,0.0,-0.9
egomania,0.0,-0.9
anger,0.0,-0.9
ill-formed,0.0,-0.9
violate,0.0,-0.9
funky,0.0,-0.9
noisy,0.0,-0.9
costlier,0.0,-0.9
strangle,0.0,-0.9
unkind,0.0,-0.9
shortsightedness,0.0,-0.9
twisted,0.0,-0.9
feign,0.0,-0.9
retard,0.0,-0.9
seedy,0.0,-0.9
violation,0.0,-0.9
whore,0.0,-0.9
downgrade,0.0,-0.9
hurt,0.0,-0.9
inopportune,0.0,-0.9
retards,0.0,-0.9
clog,0.0,-0.9
unavoidably,0.0,-0.9
ridicule,0.0,-0.9
uncivil,0.0,-0.9
quandary,0.0,-0.9
subjugation,0.0,-0.9
worthless,0.0,-0.9
hysterics,0.0,-0.9
negation,0.0,-0.9
preposterously,0.0,-0.9
relentlessly,0.0,-0.9
infected,0.0,-0.9
stupify,0.0,-0.9
incomplete,0.0,-0.9
angrily,0.0,-0.9
diabolic,0.0,-0.9
preposterous,0.0,-0.9
sermonize,0.0,-0.9
awkward,0.0,-0.9
mire,0.0,-0.9
startlingly,0.0,-0.9
sags,0.0,-0.9
shirker,0.0,-0.9
stern,0.0,-0.9
troublingly,0.0,-0.9
ineffectively,0.0,-0.9
thicker,0.0,-0.9
rabid,0.0,-0.9
frown,0.0,-0.9
insufferable,0.0,-0.9
bore,0.0,-0.9
inadequacy,0.0,-0.9
infamous,0.0,-0.9
dismalness,0.0,-0.9
lethargic,0.0,-0.9
wickedness,0.0,-0.9
unexplained,0.0,-0.9
sag,0.0,-0.9
devilry,0.0,-0.9
contravene,0.0,-0.9
disbelieve,0.0,-0.9
ambiguity,0.0,-0.9
weak,0.0,-0.9
oddest,0.0,-0.9
peeved,0.0,-0.9
perfidity,0.0,-0.9
uneconomical,0.0,-0.9
hardheaded,0.0,-0.9
upsettingly,0.0,-0.9
bestial,0.0,-0.9
brimstone,0.0,-0.9
misconceptions,0.0,-0.9
hang,0.0,-0.9
clumsy,0.0,-0.9
combative,0.0,-0.9
delayed,0.0,-0.9
numb,0.0,-0.9
impossiblity,0.0,-0.9
snobs,0.0,-0.9
unemployed,0.0,-0.9
corrosion,0.0,-0.9
trick,0.0,-0.9
inexpertly,0.0,-0.9
acridly,0.0,-0.9
uneven,0.0,-0.9
decline,0.0,-0.9
perverted,0.0,-0.9
puzzled,0.0,-0.9
ricer,0.0,-0.9
sardonically,0.0,-0.9
loathing,0.0,-0.9
shocked,0.0,-0.9
enervate,0.0,-0.9
intense,0.0,-0.9
incitement,0.0,-0.9
isolation,0.0,-0.9
sneak,0.0,-0.9
lethal,0.0,-0.9
untrustworthy,0.0,-0.9
languorous,0.0,-0.9
inflict,0.0,-0.9
unpleasantries,0.0,-0.9
revoke,0.0,-0.9
bonkers,0.0,-0.9
erodes,0.0,-0.9
unfortunately,0.0,-0.9
baffled,0.0,-0.9
disprove,0.0,-0.9
over-hyped,0.0,-0.9
rumors,0.0,-0.9
scuffs,0.0,-0.9
tout,0.0,-0.9
embroilment,0.0,-0.9
unacceptably,0.0,-0.9
grossly,0.0,-0.9
hurting,0.0,-0.9
debts,0.0,-0.9
falter,0.0,-0.9
futilely,0.0,-0.9
grumble,0.0,-0.9
haze,0.0,-0.9
split,0.0,-0.9
irrationally,0.0,-0.9
creeps,0.0,-0.9
incorrigible,0.0,-0.9
unsettlingly,0.0,-0.9
din,0.0,-0.9
skeptically,0.0,-0.9
greasy,0.0,-0.9
uproarously,0.0,-0.9
detestable,0.0,-0.9
murky,0.0,-0.9
slug,0.0,-0.9
crushing,0.0,-0.9
defunct,0.0,-0.9
massacres,0.0,-0.9
fever,0.0,-0.9
catastrophes,0.0,-0.9
disgrace,0.0,-0.9
pinch,0.0,-0.9
undependability,0.0,-0.9
unresolved,0.0,-0.9
beseech,0.0,-0.9
nave,0.0,-0.9
paradoxically,0.0,-0.9
handicapped,0.0,-0.9
tanked,0.0,-0.9
tarnish,0.0,-0.9
ugly,0.0,-0.9
idiotically,0.0,-0.9
warped,0.0,-0.9
scream,0.0,-0.9
propaganda,0.0,-0.9
trap,0.0,-0.9
trivial,0.0,-0.9
indelicate,0.0,-0.9
mockingly,0.0,-0.9
drained,0.0,-0.9
pettifog,0.0,-0.9
sin,0.0,-0.9
inequality,0.0,-0.9
assult,0.0,-0.9
upset,0.0,-0.9
overzealous,0.0,-0.9
malice,0.0,-0.9
frustrates,0.0,-0.9
mediocre,0.0,-0.9
dumbfound,0.0,-0.9
overwhelmed,0.0,-0.9
farcical-yet-provocative,0.0,-0.9
overtaxed,0.0,-0.9
scornfully,0.0,-0.9
spoilages,0.0,-0.9
swipe,0.0,-0.9
intrusion,0.0,-0.9
barbaric,0.0,-0.9
manipulation,0.0,-0.9
wrought,0.0,-0.9
concession,0.0,-0.9
shameful,0.0,-0.9
imprudent,0.0,-0.9
crashed,0.0,-0.9
breach,0.0,-0.9
smelling,0.0,-0.9
tardy,0.0,-0.9
resigned,0.0,-0.9
villainously,0.0,-0.9
gripes,0.0,-0.9
self-coup,0.0,-0.9
cunt,0.0,-0.9
hypocrites,0.0,-0.9
shamelessness,0.0,-0.9
ill-treated,0.0,-0.9
extremist,0.0,-0.9
rubbish,0.0,-0.9
alienate,0.0,-0.9
misunderstand,0.0,-0.9
disaffected,0.0,-0.9
audaciously,0.0,-0.9
indignity,0.0,-0.9
intoxicate,0.0,-0.9
ill-favored,0.0,-0.9
snappishly,0.0,-0.9
fallacious,0.0,-0.9
forsake,0.0,-0.9
lugubrious,0.0,-0.9
misgivings,0.0,-0.9
misinform,0.0,-0.9
nonsense,0.0,-0.9
frightfully,0.0,-0.9
radical,0.0,-0.9
terribly,0.0,-0.9
demonic,0.0,-0.9
vindictively,0.0,-0.9
embarrassment,0.0,-0.9
dimmer,0.0,-0.9
allegation,0.0,-0.9
scratchy,0.0,-0.9
warlike,0.0,-0.9
lukewarm,0.0,-0.9
disavow,0.0,-0.9
clouding,0.0,-0.9
encroach,0.0,-0.9
exorbitant,0.0,-0.9
lecher,0.0,-0.9
tiresome,0.0,-0.9
molest,0.0,-0.9
injudicious,0.0,-0.9
desperately,0.0,-0.9
eyesore,0.0,-0.9
plaything,0.0,-0.9
thumb-down,0.0,-0.9
frustrate,0.0,-0.9
remorselessly,0.0,-0.9
sues,0.0,-0.9
desolation,0.0,-0.9
tantrum,0.0,-0.9
delusions,0.0,-0.9
forceful,0.0,-0.9
clamorous,0.0,-0.9
quarrellous,0.0,-0.9
refuted,0.0,-0.9
tenuously,0.0,-0.9
accusingly,0.0,-0.9
importunate,0.0,-0.9
detesting,0.0,-0.9
confession,0.0,-0.9
desiccate,0.0,-0.9
spookiest,0.0,-0.9
haters,0.0,-0.9
aggravate,0.0,-0.9
untouched,0.0,-0.9
tyrannically,0.0,-0.9
bewildering,0.0,-0.9
calumniously,0.0,-0.9
mercilessly,0.0,-0.9
disappointments,0.0,-0.9
disallow,0.0,-0.9
attack,0.0,-0.9
adulterier,0.0,-0.9
wobble,0.0,-0.9
irragularity,0.0,-0.9
ripoff,0.0,-0.9
wedge,0.0,-0.9
contemptuous,0.0,-0.9
inevitable,0.0,-0.9
disquietude,0.0,-0.9
sugarcoated,0.0,-0.9
wretchedly,0.0,-0.9
insociable,0.0,-0.9
damages,0.0,-0.9
pauper,0.0,-0.9
inefficiently,0.0,-0.9
scarcely,0.0,-0.9
cataclysmal,0.0,-0.9
disastrously,0.0,-0.9
scoff,0.0,-0.9
hacks,0.0,-0.9
impudently,0.0,-0.9
bothers,0.0,-0.9
desertion,0.0,-0.9
meager,0.0,-0.9
inconsequently,0.0,-0.9
detested,0.0,-0.9
selfinterested,0.0,-0.9
dissed,0.0,-0.9
unfaithful,0.0,-0.9
falsehood,0.0,-0.9
slowly,0.0,-0.9
backbite,0.0,-0.9
dusty,0.0,-0.9
freezes,0.0,-0.9
ominous,0.0,-0.9
unskilled,0.0,-0.9
unlikely,0.0,-0.9
sham,0.0,-0.9
hiliarious,0.0,-0.9
tangle,0.0,-0.9
molestation,0.0,-0.9
ill-designed,0.0,-0.9
undetermined,0.0,-0.9
caricature,0.0,-0.9
callous,0.0,-0.9
fabricate,0.0,-0.9
bloody,0.0,-0.9
friction,0.0,-0.9
lacking,0.0,-0.9
unwise,0.0,-0.9
wreaks,0.0,-0.9
debilitate,0.0,-0.9
peeve,0.0,-0.9
mistakes,0.0,-0.9
abominable,0.0,-0.9
vomit,0.0,-0.9
pervert,0.0,-0.9
prohibitive,0.0,-0.9
disadvantaged,0.0,-0.9
ingratitude,0.0,-0.9
bait,0.0,-0.9
hallucination,0.0,-0.9
oversight,0.0,-0.9
so-cal,0.0,-0.9
repetitive,0.0,-0.9
stale,0.0,-0.9
annoy,0.0,-0.9
abusive,0.0,-0.9
bothersome,0.0,-0.9
disheartening,0.0,-0.9
misbehave,0.0,-0.9
nastily,0.0,-0.9
unintelligible,0.0,-0.9
protest,0.0,-0.9
careless,0.0,-0.9
infernal,0.0,-0.9
hardened,0.0,-0.9
mockery,0.0,-0.9
insidious,0.0,-0.9
cringed,0.0,-0.9
disparage,0.0,-0.9
hotbeds,0.0,-0.9
indigent,0.0,-0.9
perish,0.0,-0.9
bereft,0.0,-0.9
ridicules,0.0,-0.9
diabolically,0.0,-0.9
exagerate,0.0,-0.9
inefficient,0.0,-0.9
mangles,0.0,-0.9
evasive,0.0,-0.9
scarred,0.0,-0.9
commotion,0.0,-0.9
fell,0.0,-0.9
obliterated,0.0,-0.9
oppress,0.0,-0.9
craftily,0.0,-0.9
distorts,0.0,-0.9
grim,0.0,-0.9
gruesomely,0.0,-0.9
hype,0.0,-0.9
dinky,0.0,-0.9
senile,0.0,-0.9
unlicensed,0.0,-0.9
vengeful,0.0,-0.9
ambivalence,0.0,-0.9
invalidate,0.0,-0.9
perturb,0.0,-0.9
jealously,0.0,-0.9
naive,0.0,-0.9
obstructing,0.0,-0.9
irreversible,0.0,-0.9
regretful,0.0,-0.9
exploitation,0.0,-0.9
impertinent,0.0,-0.9
inconsolable,0.0,-0.9
incompatability,0.0,-0.9
warp,0.0,-0.9
destroy,0.0,-0.9
affliction,0.0,-0.9
devastation,0.0,-0.9
extravagant,0.0,-0.9
poor,0.0,-0.9
stigmatize,0.0,-0.9
risk,0.0,-0.9
rocky,0.0,-0.9
egotism,0.0,-0.9
slanderer,0.0,-0.9
scowl,0.0,-0.9
slumpping,0.0,-0.9
stumbled,0.0,-0.9
devil,0.0,-0.9
cutthroat,0.0,-0.9
defamatory,0.0,-0.9
remorselessness,0.0,-0.9
meanness,0.0,-0.9
drones,0.0,-0.9
unworkable,0.0,-0.9
discomfititure,0.0,-0.9
fulminate,0.0,-0.9
inattentive,0.0,-0.9
invidiousness,0.0,-0.9
shortcomings,0.0,-0.9
disapointment,0.0,-0.9
doomsday,0.0,-0.9
immobilized,0.0,-0.9
inconceivable,0.0,-0.9
stressful,0.0,-0.9
uncomfortable,0.0,-0.9
drain,0.0,-0.9
crippled,0.0,-0.9
futile,0.0,-0.9
panicky,0.0,-0.9
accuse,0.0,-0.9
farfetched,0.0,-0.9
petrify,0.0,-0.9
morons,0.0,-0.9
nervously,0.0,-0.9
scandalous,0.0,-0.9
flimflam,0.0,-0.9
corruption,0.0,-0.9
dirty,0.0,-0.9
outmoded,0.0,-0.9
unrelenting,0.0,-0.9
sub-par,0.0,-0.9
trample,0.0,-0.9
martyrdom,0.0,-0.9
tank,0.0,-0.9
outcast,0.0,-0.9
sadly,0.0,-0.9
liars,0.0,-0.9
stark,0.0,-0.9
rremediable,0.0,-0.9
latency,0.0,-0.9
dissatisfies,0.0,-0.9
straggle,0.0,-0.9
wrinkle,0.0,-0.9
barbarously,0.0,-0.9
disastrous,0.0,-0.9
irretating,0.0,-0.9
repudiation,0.0,-0.9
weird,0.0,-0.9
woeful,0.0,-0.9
dissatisfied,0.0,-0.9
dissidents,0.0,-0.9
fuss,0.0,-0.9
doubtful,0.0,-0.9
expensive,0.0,-0.9
flimsy,0.0,-0.9
partisan,0.0,-0.9
pest,0.0,-0.9
superficially,0.0,-0.9
rue,0.0,-0.9
dogged,0.0,-0.9
impure,0.0,-0.9
culpable,0.0,-0.9
erode,0.0,-0.9
sued,0.0,-0.9
unauthentic,0.0,-0.9
tingled,0.0,-0.9
profanity,0.0,-0.9
improbably,0.0,-0.9
shortage,0.0,-0.9
brashly,0.0,-0.9
apprehensive,0.0,-0.9
infiltrator,0.0,-0.9
savages,0.0,-0.9
demonized,0.0,-0.9
incivility,0.0,-0.9
tricky,0.0,-0.9
recklessness,0.0,-0.9
ding,0.0,-0.9
imperfection,0.0,-0.9
cracked,0.0,-0.9
paralize,0.0,-0.9
frictions,0.0,-0.9
shun,0.0,-0.9
calumnious,0.0,-0.9
cheat,0.0,-0.9
casualty,0.0,-0.9
haste,0.0,-0.9
little-known,0.0,-0.9
undocumented,0.0,-0.9
grind,0.0,-0.9
spotty,0.0,-0.9
fret,0.0,-0.9
miss,0.0,-0.9
tragic,0.0,-0.9
exasperatingly,0.0,-0.9
uneasily,0.0,-0.9
strident,0.0,-0.9
irrecoverablenesses,0.0,-0.9
defy,0.0,-0.9
annoyingly,0.0,-0.9
madder,0.0,-0.9
mistrust,0.0,-0.9
selfish,0.0,-0.9
overwhelming,0.0,-0.9
appal,0.0,-0.9
cruelest,0.0,-0.9
penalty,0.0,-0.9
crime,0.0,-0.9
upseting,0.0,-0.9
beggar,0.0,-0.9
egotistical,0.0,-0.9
languor,0.0,-0.9
cumbersome,0.0,-0.9
implausible,0.0,-0.9
quarrel,0.0,-0.9
unwieldy,0.0,-0.9
insanity,0.0,-0.9
impetuous,0.0,-0.9
hurts,0.0,-0.9
clueless,0.0,-0.9
recalcitrant,0.0,-0.9
wail,0.0,-0.9
ruffian,0.0,-0.9
decayed,0.0,-0.9
gibberish,0.0,-0.9
infuriating,0.0,-0.9
exasperate,0.0,-0.9
totalitarian,0.0,-0.9
atrocious,0.0,-0.9
misrepresent,0.0,-0.9
hypocritical,0.0,-0.9
ignorant,0.0,-0.9
ill-tempered,0.0,-0.9
trivialize,0.0,-0.9
depressions,0.0,-0.9
barbarity,0.0,-0.9
diametrically,0.0,-0.9
disdainfully,0.0,-0.9
fawningly,0.0,-0.9
overturn,0.0,-0.9
broke,0.0,-0.9
jarring,0.0,-0.9
demolisher,0.0,-0.9
unreasonable,0.0,-0.9
peeled,0.0,-0.9
shatter,0.0,-0.9
static,0.0,-0.9
junky,0.0,-0.9
apathy,0.0,-0.9
sweaty,0.0,-0.9
discordant,0.0,-0.9
abominate,0.0,-0.9
disorient,0.0,-0.9
eccentric,0.0,-0.9
hazard,0.0,-0.9
intimidate,0.0,-0.9
slut,0.0,-0.9
distraught,0.0,-0.9
unsettling,0.0,-0.9
reproachful,0.0,-0.9
crashes,0.0,-0.9
finicky,0.0,-0.9
coarse,0.0,-0.9
fatty,0.0,-0.9
unaccustomed,0.0,-0.9
sour,0.0,-0.9
lemon,0.0,-0.9
misinterpret,0.0,-0.9
sinfully,0.0,-0.9
difficulties,0.0,-0.9
exhaustion,0.0,-0.9
inefficacy,0.0,-0.9
snarky,0.0,-0.9
dastard,0.0,-0.9
humiliating,0.0,-0.9
perplex,0.0,-0.9
disaccord,0.0,-0.9
oversights,0.0,-0.9
anxiously,0.0,-0.9
wallow,0.0,-0.9
matte,0.0,-0.9
concern,0.0,-0.9
blurring,0.0,-0.9
culprit,0.0,-0.9
stupidly,0.0,-0.9
contort,0.0,-0.9
erroneously,0.0,-0.9
sloww,0.0,-0.9
pitiable,0.0,-0.9
inimically,0.0,-0.9
lonesome,0.0,-0.9
gutter,0.0,-0.9
recession,0.0,-0.9
unfairly,0.0,-0.9
indiscriminate,0.0,-0.9
acrimoniously,0.0,-0.9
inflammatory,0.0,-0.9
undermining,0.0,-0.9
disturbing,0.0,-0.9
pitifully,0.0,-0.9
faults,0.0,-0.9
neurotic,0.0,-0.9
shortcoming,0.0,-0.9
protested,0.0,-0.9
burned,0.0,-0.9
sack,0.0,-0.9
unlucky,0.0,-0.9
yawn,0.0,-0.9
assassinate,0.0,-0.9
marginally,0.0,-0.9
clash,0.0,-0.9
chaff,0.0,-0.9
scars,0.0,-0.9
whimper,0.0,-0.9
pleas,0.0,-0.9
loud,0.0,-0.9
freaking,0.0,-0.9
fibber,0.0,-0.9
downfall,0.0,-0.9
castigate,0.0,-0.9
hypocrisy,0.0,-0.9
dehumanization,0.0,-0.9
protracted,0.0,-0.9
seriousness,0.0,-0.9
gross,0.0,-0.9
coldly,0.0,-0.9
dumped,0.0,-0.9
smoldering,0.0,-0.9
villains,0.0,-0.9
blur,0.0,-0.9
deploring,0.0,-0.9
unwisely,0.0,-0.9
disagreeable,0.0,-0.9
dishonesty,0.0,-0.9
distract,0.0,-0.9
foreboding,0.0,-0.9
genocide,0.0,-0.9
wild,0.0,-0.9
condescending,0.0,-0.9
d*mn,0.0,-0.9
hating,0.0,-0.9
disconsolation,0.0,-0.9
unusual,0.0,-0.9
whips,0.0,-0.9
stall,0.0,-0.9
unforgiving,0.0,-0.9
unscrupulous,0.0,-0.9
deformed,0.0,-0.9
indignantly,0.0,-0.9
belittle,0.0,-0.9
untested,0.0,-0.9
unimaginable,0.0,-0.9
stiff,0.0,-0.9
zap,0.0,-0.9
laggy,0.0,-0.9
lapsed,0.0,-0.9
subtract,0.0,-0.9
vice,0.0,-0.9
extinguish,0.0,-0.9
unhappily,0.0,-0.9
anarchistic,0.0,-0.9
bruising,0.0,-0.9
ironies,0.0,-0.9
exile,0.0,-0.9
fat,0.0,-0.9
stagnant,0.0,-0.9
thoughtlessness,0.0,-0.9
dissuade,0.0,-0.9
senselessly,0.0,-0.9
obstinate,0.0,-0.9
inaccurate,0.0,-0.9
poorly,0.0,-0.9
execrate,0.0,-0.9
confined,0.0,-0.9
over-awe,0.0,-0.9
lacked,0.0,-0.9
stridently,0.0,-0.9
unnoticed,0.0,-0.9
dissension,0.0,-0.9
ghosting,0.0,-0.9
freakish,0.0,-0.9
insinuate,0.0,-0.9
irritated,0.0,-0.9
uneventful,0.0,-0.9
insinuation,0.0,-0.9
grouch,0.0,-0.9
parasite,0.0,-0.9
imprecise,0.0,-0.9
nonexistent,0.0,-0.9
overweight,0.0,-0.9
spank,0.0,-0.9
mudslinging,0.0,-0.9
avarice,0.0,-0.9
disagreed,0.0,-0.9
garbage,0.0,-0.9
fallen,0.0,-0.9
fatal,0.0,-0.9
isolate,0.0,-0.9
overbalanced,0.0,-0.9
inadverently,0.0,-0.9
irrationality,0.0,-0.9
backwoods,0.0,-0.9
implausibly,0.0,-0.9
unobserved,0.0,-0.9
petty,0.0,-0.9
obscurity,0.0,-0.9
slack,0.0,-0.9
decry,0.0,-0.9
loathsome,0.0,-0.9
overlook,0.0,-0.9
whining,0.0,-0.9
qualm,0.0,-0.9
desultory,0.0,-0.9
froze,0.0,-0.9
bug,0.0,-0.9
dishearteningly,0.0,-0.9
inaptitude,0.0,-0.9
insular,0.0,-0.9
leer,0.0,-0.9
discrimination,0.0,-0.9
objections,0.0,-0.9
exasperation,0.0,-0.9
sorrowfully,0.0,-0.9
unsustainable,0.0,-0.9
incautious,0.0,-0.9
judder,0.0,-0.9
divisiveness,0.0,-0.9
subjection,0.0,-0.9
bizarre,0.0,-0.9
scariest,0.0,-0.9
uncontrolled,0.0,-0.9
virulence,0.0,-0.9
fictional,0.0,-0.9
detracted,0.0,-0.9
watered-down,0.0,-0.9
betraying,0.0,-0.9
embarrass,0.0,-0.9
grisly,0.0,-0.9
hissed,0.0,-0.9
invalidity,0.0,-0.9
paranoid,0.0,-0.9
fierce,0.0,-0.9
discourteously,0.0,-0.9
dismayed,0.0,-0.9
disappoints,0.0,-0.9
dumps,0.0,-0.9
coercion,0.0,-0.9
fist,0.0,-0.9
inconsequentially,0.0,-0.9
indiscreetly,0.0,-0.9
pandemonium,0.0,-0.9
uninsured,0.0,-0.9
prickles,0.0,-0.9
prejudicial,0.0,-0.9
antipathy,0.0,-0.9
blurt,0.0,-0.9
cuplrit,0.0,-0.9
extermination,0.0,-0.9
indeterminate,0.0,-0.9
mushy,0.0,-0.9
overzelous,0.0,-0.9
hack,0.0,-0.9
flout,0.0,-0.9
demoralizing,0.0,-0.9
expel,0.0,-0.9
calamitous,0.0,-0.9
radically,0.0,-0.9
barbarically,0.0,-0.9
aggrieved,0.0,-0.9
leaks,0.0,-0.9
err,0.0,-0.9
shoddy,0.0,-0.9
infidel,0.0,-0.9
unlawfulness,0.0,-0.9
defiant,0.0,-0.9
nightmarish,0.0,-0.9
presumptuous,0.0,-0.9
underpaid,0.0,-0.9
creaks,0.0,-0.9
infuriatingly,0.0,-0.9
pointless,0.0,-0.9
standstill,0.0,-0.9
itch,0.0,-0.9
bumped,0.0,-0.9
moribund,0.0,-0.9
fidget,0.0,-0.9
detestably,0.0,-0.9
haunt,0.0,-0.9
invidiously,0.0,-0.9
nebulous,0.0,-0.9
infamously,0.0,-0.9
rage,0.0,-0.9
gossip,0.0,-0.9
threats,0.0,-0.9
invective,0.0,-0.9
randomly,0.0,-0.9
debase,0.0,-0.9
flounder,0.0,-0.9
incorrect,0.0,-0.9
indecisively,0.0,-0.9
blind,0.0,-0.9
leak,0.0,-0.9
burdensome,0.0,-0.9
partiality,0.0,-0.9
unruly,0.0,-0.9
aborted,0.0,-0.9
discordance,0.0,-0.9
unorthodoxy,0.0,-0.9
uncouth,0.0,-0.9
ironically,0.0,-0.9
distaste,0.0,-0.9
interruption,0.0,-0.9
bugging,0.0,-0.9
belated,0.0,-0.9
incoherently,0.0,-0.9
imperfect,0.0,-0.9
breaks,0.0,-0.9
accidental,0.0,-0.9
losers,0.0,-0.9
geezer,0.0,-0.9
debasement,0.0,-0.9
disorganized,0.0,-0.9
effrontery,0.0,-0.9
doldrums,0.0,-0.9
unsophisticated,0.0,-0.9
perfunctory,0.0,-0.9
incoherent,0.0,-0.9
shamefulness,0.0,-0.9
dying,0.0,-0.9
revolting,0.0,-0.9
misjudge,0.0,-0.9
mislead,0.0,-0.9
predicament,0.0,-0.9
strict,0.0,-0.9
gimmicked,0.0,-0.9
tarnished,0.0,-0.9
inexpiable,0.0,-0.9
nosey,0.0,-0.9
snob,0.0,-0.9
mysterious,0.0,-0.9
detrimental,0.0,-0.9
syndrome,0.0,-0.9
dragoon,0.0,-0.9
bitterness,0.0,-0.9
contrived,0.0,-0.9
ignorance,0.0,-0.9
bulkyness,0.0,-0.9
toil,0.0,-0.9
resentful,0.0,-0.9
vagueness,0.0,-0.9
confess,0.0,-0.9
trouble,0.0,-0.9
oppressors,0.0,-0.9
volatile,0.0,-0.9
harden,0.0,-0.9
stuck,0.0,-0.9
upbraid,0.0,-0.9
discontinued,0.0,-0.9
complained,0.0,-0.9
plea,0.0,-0.9
tumbled,0.0,-0.9
confrontation,0.0,-0.9
sting,0.0,-0.9
scared,0.0,-0.9
incite,0.0,-0.9
excuse,0.0,-0.9
abominably,0.0,-0.9
adamant,0.0,-0.9
lurch,0.0,-0.9
douchebag,0.0,-0.9
cataclysm,0.0,-0.9
liar,0.0,-0.9
abruptly,0.0,-0.9
bedlam,0.0,-0.9
disagrees,0.0,-0.9
unreliable,0.0,-0.9
abrupt,0.0,-0.9
flicker,0.0,-0.9
insecure,0.0,-0.9
ineffectual,0.0,-0.9
inadequate,0.0,-0.9
isolated,0.0,-0.9
imposers,0.0,-0.9
stumble,0.0,-0.9
condescendingly,0.0,-0.9
droops,0.0,-0.9
enmity,0.0,-0.9
entangle,0.0,-0.9
violently,0.0,-0.9
insensitivity,0.0,-0.9
undissolved,0.0,-0.9
unleash,0.0,-0.9
unsteady,0.0,-0.9
backbiting,0.0,-0.9
blackmail,0.0,-0.9
shriek,0.0,-0.9
perversion,0.0,-0.9
repulsiveness,0.0,-0.9
grumpy,0.0,-0.9
uneasiness,0.0,-0.9
plasticky,0.0,-0.9
sanctimonious,0.0,-0.9
smutty,0.0,-0.9
fooled,0.0,-0.9
impoverished,0.0,-0.9
pricier,0.0,-0.9
spoonfed,0.0,-0.9
hefty,0.0,-0.9
licentious,0.0,-0.9
disunity,0.0,-0.9
unsuspecting,0.0,-0.9
malcontent,0.0,-0.9
throbs,0.0,-0.9
vociferous,0.0,-0.9
dissenter,0.0,-0.9
unacceptable,0.0,-0.9
indecorum,0.0,-0.9
sinisterly,0.0,-0.9
hogs,0.0,-0.9
disadvantage,0.0,-0.9
beleaguer,0.0,-0.9
cannibalize,0.0,-0.9
harassed,0.0,-0.9
pale,0.0,-0.9
infest,0.0,-0.9
erroneous,0.0,-0.9
overdue,0.0,-0.9
squeal,0.0,-0.9
sloppy,0.0,-0.9
expunge,0.0,-0.9
feeble,0.0,-0.9
imperiously,0.0,-0.9
negligent,0.0,-0.9
unreasonably,0.0,-0.9
repulsed,0.0,-0.9
inflated,0.0,-0.9
stupidity,0.0,-0.9
beastly,0.0,-0.9
anti-israeli,0.0,-0.9
seething,0.0,-0.9
frustrating,0.0,-0.9
sedentary,0.0,-0.9
cons,0.0,-0.9
cheats,0.0,-0.9
imbecile,0.0,-0.9
sullen,0.0,-0.9
unexpectedly,0.0,-0.9
crap,0.0,-0.9
drastically,0.0,-0.9
hostility,0.0,-0.9
nervousness,0.0,-0.9
obscene,0.0,-0.9
defrauding,0.0,-0.9
bankrupt,0.0,-0.9
fearful,0.0,-0.9
indeterminably,0.0,-0.9
nauseates,0.0,-0.9
imperialist,0.0,-0.9
pernicious,0.0,-0.9
feeblely,0.0,-0.9
inexpert,0.0,-0.9
invalid,0.0,-0.9
cronyism,0.0,-0.9
bickering,0.0,-0.9
obsessively,0.0,-0.9
resistance,0.0,-0.9
concen,0.0,-0.9
reprimand,0.0,-0.9
subjugate,0.0,-0.9
taunt,0.0,-0.9
lunaticism,0.0,-0.9
fraught,0.0,-0.9
nepotism,0.0,-0.9
obstructed,0.0,-0.9
damaging,0.0,-0.9
overreach,0.0,-0.9
incognizant,0.0,-0.9
outbursts,0.0,-0.9
loses,0.0,-0.9
extravagance,0.0,-0.9
distraction,0.0,-0.9
horrifies,0.0,-0.9
impotent,0.0,-0.9
undone,0.0,-0.9
distorted,0.0,-0.9
byzantine,0.0,-0.9
rogue,0.0,-0.9
unaccessible,0.0,-0.9
touts,0.0,-0.9
worries,0.0,-0.9
bitingly,0.0,-0.9
disinterest,0.0,-0.9
inconsiderate,0.0,-0.9
unwillingness,0.0,-0.9
time-consuming,0.0,-0.9
preoccupy,0.0,-0.9
hooligan,0.0,-0.9
catastrophic,0.0,-0.9
shortness,0.0,-0.9
aghast,0.0,-0.9
abomination,0.0,-0.9
butcher,0.0,-0.9
loopholes,0.0,-0.9
elimination,0.0,-0.9
corruptted,0.0,-0.9
depressed,0.0,-0.9
hard-hit,0.0,-0.9
brutal,0.0,-0.9
worrisome,0.0,-0.9
frantic,0.0,-0.9
rumple,0.0,-0.9
grievous,0.0,-0.9
flair,0.0,-0.9
limited,0.0,-0.9
displaced,0.0,-0.9
vomiting,0.0,-0.9
long-time,0.0,-0.9
over-valuation,0.0,-0.9
unnaturally,0.0,-0.9
wary,0.0,-0.9
unproductive,0.0,-0.9
worsening,0.0,-0.9
bewail,0.0,-0.9
trickery,0.0,-0.9
bemoan,0.0,-0.9
harbors,0.0,-0.9
bump,0.0,-0.9
aweful,0.0,-0.9
exterminate,0.0,-0.9
incapably,0.0,-0.9
insulted,0.0,-0.9
odd,0.0,-0.9
noisier,0.0,-0.9
wanton,0.0,-0.9
stalemate,0.0,-0.9
shark,0.0,-0.9
interruptions,0.0,-0.9
achey,0.0,-0.9
damage,0.0,-0.9
obstacle,0.0,-0.9
slaughter,0.0,-0.9
disrupt,0.0,-0.9
involuntarily,0.0,-0.9
rancor,0.0,-0.9
allergies,0.0,-0.9
passiveness,0.0,-0.9
hard-line,0.0,-0.9
stormy,0.0,-0.9
worst,0.0,-0.9
opinionated,0.0,-0.9
foul,0.0,-0.9
furor,0.0,-0.9
malign,0.0,-0.9
miserableness,0.0,-0.9
doom,0.0,-0.9
sober,0.0,-0.9
deplete,0.0,-0.9
carelessness,0.0,-0.9
disordered,0.0,-0.9
skittish,0.0,-0.9
tepid,0.0,-0.9
unneeded,0.0,-0.9
decay,0.0,-0.9
inconvenience,0.0,-0.9
lagged,0.0,-0.9
irrelevance,0.0,-0.9
leaky,0.0,-0.9
swollen,0.0,-0.9
belittling,0.0,-0.9
downsides,0.0,-0.9
objection,0.0,-0.9
livid,0.0,-0.9
pugnaciously,0.0,-0.9
brute,0.0,-0.9
disconcert,0.0,-0.9
smuttier,0.0,-0.9
repugnance,0.0,-0.9
slow,0.0,-0.9
accusing,0.0,-0.9
belabor,0.0,-0.9
hampered,0.0,-0.9
disrespectfulness,0.0,-0.9
travesty,0.0,-0.9
sneer,0.0,-0.9
spoon-fed,0.0,-0.9
frets,0.0,-0.9
uncompromisingly,0.0,-0.9
unhappiness,0.0,-0.9
worried,0.0,-0.9
creaking,0.0,-0.9
clogged,0.0,-0.9
racy,0.0,-0.9
jam,0.0,-0.9
ultimatums,0.0,-0.9
deluge,0.0,-0.9
unappealing,0.0,-0.9
freak,0.0,-0.9
misgiving,0.0,-0.9
vengefully,0.0,-0.9
scant,0.0,-0.9
coercive,0.0,-0.9
famine,0.0,-0.9
manipulate,0.0,-0.9
dropouts,0.0,-0.9
cynical,0.0,-0.9
poorest,0.0,-0.9
procrastinates,0.0,-0.9
rape,0.0,-0.9
wickedly,0.0,-0.9
misuse,0.0,-0.9
feverish,0.0,-0.9
disbelief,0.0,-0.9
deadbeat,0.0,-0.9
babble,0.0,-0.9
sourly,0.0,-0.9
ragged,0.0,-0.9
incomprehensible,0.0,-0.9
forbid,0.0,-0.9
pales,0.0,-0.9
desperation,0.0,-0.9
clogs,0.0,-0.9
fiasco,0.0,-0.9
worrier,0.0,-0.9
calumniation,0.0,-0.9
irks,0.0,-0.9
knotted,0.0,-0.9
rattle,0.0,-0.9
vehemently,0.0,-0.9
eccentricity,0.0,-0.9
betrays,0.0,-0.9
starkly,0.0,-0.9
niggles,0.0,-0.9
annoys,0.0,-0.9
abscond,0.0,-0.9
overthrow,0.0,-0.9
mudslinger,0.0,-0.9
non-confidence,0.0,-0.9
tenuous,0.0,-0.9
fleeing,0.0,-0.9
traumatically,0.0,-0.9
underestimate,0.0,-0.9
funny,0.0,-0.9
insane,0.0,-0.9
intolerable,0.0,-0.9
troubling,0.0,-0.9
occluding,0.0,-0.9
sunder,0.0,-0.9
inexperienced,0.0,-0.9
maltreatment,0.0,-0.9
crumples,0.0,-0.9
revulsion,0.0,-0.9
deterrent,0.0,-0.9
defect,0.0,-0.9
wasting,0.0,-0.9
cannibal,0.0,-0.9
traumatic,0.0,-0.9
smells,0.0,-0.9
apocalyptic,0.0,-0.9
demoralize,0.0,-0.9
drains,0.0,-0.9
lost,0.0,-0.9
hopeless,0.0,-0.9
imminence,0.0,-0.9
spooky,0.0,-0.9
allergy,0.0,-0.9
defective,0.0,-0.9
lunatic,0.0,-0.9
intolerance,0.0,-0.9
ploy,0.0,-0.9
tortures,0.0,-0.9
cramped,0.0,-0.9
disappointing,0.0,-0.9
horrible,0.0,-0.9
disabled,0.0,-0.9
hysterically,0.0,-0.9
divisive,0.0,-0.9
indecency,0.0,-0.9
confessions,0.0,-0.9
floored,0.0,-0.9
hesitant,0.0,-0.9
dissention,0.0,-0.9
infuriated,0.0,-0.9
blistering,0.0,-0.9
rusty,0.0,-0.9
delaying,0.0,-0.9
sardonic,0.0,-0.9
taxing,0.0,-0.9
debility,0.0,-0.9
rant,0.0,-0.9
prik,0.0,-0.9
inexorable,0.0,-0.9
undecided,0.0,-0.9
worry,0.0,-0.9
anarchy,0.0,-0.9
confrontational,0.0,-0.9
nightmarishly,0.0,-0.9
flare,0.0,-0.9
badly,0.0,-0.9
denounce,0.0,-0.9
dilapidated,0.0,-0.9
disturbed,0.0,-0.9
finagle,0.0,-0.9
mists,0.0,-0.9
salacious,0.0,-0.9
tease,0.0,-0.9
concens,0.0,-0.9
doomed,0.0,-0.9
eruptions,0.0,-0.9
halfhearted,0.0,-0.9
liable,0.0,-0.9
rigid,0.0,-0.9
slap,0.0,-0.9
interfere,0.0,-0.9
unpredictable,0.0,-0.9
crafty,0.0,-0.9
aggressiveness,0.0,-0.9
grainy,0.0,-0.9
irreplacible,0.0,-0.9
struggle,0.0,-0.9
unforeseen,0.0,-0.9
arduous,0.0,-0.9
slowwww,0.0,-0.9
erratically,0.0,-0.9
fascist,0.0,-0.9
antagonism,0.0,-0.9
frantically,0.0,-0.9
giddy,0.0,-0.9
irreconcilable,0.0,-0.9
oppressively,0.0,-0.9
slump,0.0,-0.9
thorny,0.0,-0.9
disadvantageous,0.0,-0.9
concessions,0.0,-0.9
malicious,0.0,-0.9
acrimonious,0.0,-0.9
simplistically,0.0,-0.9
irretrievable,0.0,-0.9
mendacity,0.0,-0.9
paltry,0.0,-0.9
unresponsive,0.0,-0.9
glare,0.0,-0.9
laughable,0.0,-0.9
pimple,0.0,-0.9
throbbing,0.0,-0.9
irrationals,0.0,-0.9
horrendously,0.0,-0.9
dread,0.0,-0.9
usurp,0.0,-0.9
ugliest,0.0,-0.9
abused,0.0,-0.9
problem,0.0,-0.9
zealot,0.0,-0.9
denied,0.0,-0.9
ingrate,0.0,-0.9
nastiness,0.0,-0.9
brusque,0.0,-0.9
discontentedly,0.0,-0.9
spoilage,0.0,-0.9
flareups,0.0,-0.9
unravel,0.0,-0.9
2-faced,0.0,-0.9
testily,0.0,-0.9
stooges,0.0,-0.9
ignominiously,0.0,-0.9
restricted,0.0,-0.9
grimace,0.0,-0.9
battered,0.0,-0.9
forgetfully,0.0,-0.9
disparaging,0.0,-0.9
bashful,0.0,-0.9
phobia,0.0,-0.9
ravage,0.0,-0.9
ruining,0.0,-0.9
puppet,0.0,-0.9
abort,0.0,-0.9
shipwreck,0.0,-0.9
furious,0.0,-0.9
snappish,0.0,-0.9
disregardful,0.0,-0.9
expulse,0.0,-0.9
ludicrously,0.0,-0.9
audacious,0.0,-0.9
fickle,0.0,-0.9
assail,0.0,-0.9
incongruously,0.0,-0.9
bleakly,0.0,-0.9
quack,0.0,-0.9
incompliant,0.0,-0.9
idiot,0.0,-0.9
detriment,0.0,-0.9
overpayed,0.0,-0.9
credulous,0.0,-0.9
irritant,0.0,-0.9
overemphasize,0.0,-0.9
ruinous,0.0,-0.9
scratch,0.0,-0.9
instability,0.0,-0.9
cautionary,0.0,-0.9
mawkish,0.0,-0.9
discouragement,0.0,-0.9
inelegance,0.0,-0.9
job-killing,0.0,-0.9
panic,0.0,-0.9
uncomfortably,0.0,-0.9
grating,0.0,-0.9
lurid,0.0,-0.9
disservice,0.0,-0.9
picket,0.0,-0.9
evil,0.0,-0.9
fucking,0.0,-0.9
impudent,0.0,-0.9
irritate,0.0,-0.9
unsound,0.0,-0.9
dilly-dally,0.0,-0.9
fearsome,0.0,-0.9
tyranny,0.0,-0.9
impending,0.0,-0.9
unable,0.0,-0.9
left-leaning,0.0,-0.9
slowed,0.0,-0.9
douchebags,0.0,-0.9
enslave,0.0,-0.9
pokey,0.0,-0.9
morbidly,0.0,-0.9
rhetoric,0.0,-0.9
drop-outs,0.0,-0.9
irreformable,0.0,-0.9
multi-polarization,0.0,-0.9
naughty,0.0,-0.9
scarcity,0.0,-0.9
restrictive,0.0,-0.9
deter,0.0,-0.9
severe,0.0,-0.9
needless,0.0,-0.9
altercation,0.0,-0.9
suspect,0.0,-0.9
torturously,0.0,-0.9
inaccuracies,0.0,-0.9
lawbreaking,0.0,-0.9
rigidity,0.0,-0.9
catastrophe,0.0,-0.9
sagged,0.0,-0.9
muscle-flexing,0.0,-0.9
indiscernible,0.0,-0.9
indignation,0.0,-0.9
bash,0.0,-0.9
die-hard,0.0,-0.9
virulent,0.0,-0.9
weaker,0.0,-0.9
dismal,0.0,-0.9
steeply,0.0,-0.9
ranting,0.0,-0.9
brutalities,0.0,-0.9
egregiously,0.0,-0.9
licentiousness,0.0,-0.9
muddle,0.0,-0.9
oddity,0.0,-0.9
deplore,0.0,-0.9
resignation,0.0,-0.9
sucks,0.0,-0.9
illogic,0.0,-0.9
hegemonistic,0.0,-0.9
deaf,0.0,-0.9
ridiculous,0.0,-0.9
excruciating,0.0,-0.9
spookily,0.0,-0.9
browbeat,0.0,-0.9
horrifys,0.0,-0.9
admonishment,0.0,-0.9
frustratingly,0.0,-0.9
rascals,0.0,-0.9
blemish,0.0,-0.9
underdog,0.0,-0.9
improbability,0.0,-0.9
gracelessly,0.0,-0.9
wimpy,0.0,-0.9
losing,0.0,-0.9
punish,0.0,-0.9
fatally,0.0,-0.9
abrasive,0.0,-0.9
destruction,0.0,-0.9
dripping,0.0,-0.9
gruesome,0.0,-0.9
negativity,0.0,-0.9
disgusted,0.0,-0.9
occludes,0.0,-0.9
infringements,0.0,-0.9
bragger,0.0,-0.9
erosion,0.0,-0.9
blurs,0.0,-0.9
unnatural,0.0,-0.9
confusing,0.0,-0.9
depression,0.0,-0.9
cringe,0.0,-0.9
disconsolately,0.0,-0.9
irritably,0.0,-0.9
oppressiveness,0.0,-0.9
allege,0.0,-0.9
heinous,0.0,-0.9
frustrated,0.0,-0.9
stutter,0.0,-0.9
knife,0.0,-0.9
crowdedness,0.0,-0.9
tentative,0.0,-0.9
back-woods,0.0,-0.9
depress,0.0,-0.9
frozen,0.0,-0.9
failed,0.0,-0.9
gnawing,0.0,-0.9
anarchist,0.0,-0.9
distasteful,0.0,-0.9
grudge,0.0,-0.9
misguided,0.0,-0.9
mourn,0.0,-0.9
smother,0.0,-0.9
zapped,0.0,-0.9
beware,0.0,-0.9
confusions,0.0,-0.9
disgruntle,0.0,-0.9
indeterminable,0.0,-0.9
adversary,0.0,-0.9
ironical,0.0,-0.9
unwillingly,0.0,-0.9
villainous,0.0,-0.9
irrepressible,0.0,-0.9
hotheaded,0.0,-0.9
bungle,0.0,-0.9
weaknesses,0.0,-0.9
annoyance,0.0,-0.9
repugnantly,0.0,-0.9
kooky,0.0,-0.9
brutality,0.0,-0.9
futility,0.0,-0.9
injure,0.0,-0.9
shadowy,0.0,-0.9
defile,0.0,-0.9
nonresponsive,0.0,-0.9
smash,0.0,-0.9
gauche,0.0,-0.9
stuttered,0.0,-0.9
creepy,0.0,-0.9
dull,0.0,-0.9
failures,0.0,-0.9
congested,0.0,-0.9
contaminating,0.0,-0.9
vibrate,0.0,-0.9
messed,0.0,-0.9
antagonize,0.0,-0.9
deceit,0.0,-0.9
bruises,0.0,-0.9
involuntary,0.0,-0.9
listless,0.0,-0.9
quarrels,0.0,-0.9
melodramatic,0.0,-0.9
blow,0.0,-0.9
offend,0.0,-0.9
crumpled,0.0,-0.9
shallow,0.0,-0.9
unjustifiable,0.0,-0.9
gutless,0.0,-0.9
deploringly,0.0,-0.9
onerously,0.0,-0.9
painfully,0.0,-0.9
traitor,0.0,-0.9
risky,0.0,-0.9
moron,0.0,-0.9
irrecoverable,0.0,-0.9
spoiled,0.0,-0.9
deceitfulness,0.0,-0.9
devious,0.0,-0.9
endanger,0.0,-0.9
flakey,0.0,-0.9
irresponsible,0.0,-0.9
madden,0.0,-0.9
misbehavior,0.0,-0.9
dreadful,0.0,-0.9
acerbic,0.0,-0.9
boastful,0.0,-0.9
conspiracy,0.0,-0.9
womanizing,0.0,-0.9
sever,0.0,-0.9
dreary,0.0,-0.9
feint,0.0,-0.9
cheerless,0.0,-0.9
rust,0.0,-0.9
begging,0.0,-0.9
tauntingly,0.0,-0.9
mismanage,0.0,-0.9
uproarous,0.0,-0.9
redundancy,0.0,-0.9
vulnerable,0.0,-0.9
deceive,0.0,-0.9
killer,0.0,-0.9
sick,0.0,-0.9
agony,0.0,-0.9
forsaken,0.0,-0.9
hectic,0.0,-0.9
accuses,0.0,-0.9
injury,0.0,-0.9
barbarous,0.0,-0.9
bust,0.0,-0.9
monotony,0.0,-0.9
strictly,0.0,-0.9
treacherous,0.0,-0.9
indistinguishable,0.0,-0.9
selfishly,0.0,-0.9
superstition,0.0,-0.9
abrade,0.0,-0.9
emergency,0.0,-0.9
sharply,0.0,-0.9
dissembler,0.0,-0.9
pretense,0.0,-0.9
cloud,0.0,-0.9
foolishly,0.0,-0.9
ignominious,0.0,-0.9
ill-sorted,0.0,-0.9
inequitable,0.0,-0.9
peevishly,0.0,-0.9
unaffordable,0.0,-0.9
displace,0.0,-0.9
distortion,0.0,-0.9
terrible,0.0,-0.9
dispirited,0.0,-0.9
dispute,0.0,-0.9
impaired,0.0,-0.9
disinterested,0.0,-0.9
incompetence,0.0,-0.9
irrational,0.0,-0.9
disillusion,0.0,-0.9
misleadingly,0.0,-0.9
foolish,0.0,-0.9
cheater,0.0,-0.9
notorious,0.0,-0.9
outrage,0.0,-0.9
sicken,0.0,-0.9
drippy,0.0,-0.9
chilly,0.0,-0.9
lapses,0.0,-0.9
problematic,0.0,-0.9
absurdly,0.0,-0.9
immoderate,0.0,-0.9
inefficiency,0.0,-0.9
junkyard,0.0,-0.9
intransigent,0.0,-0.9
tension,0.0,-0.9
disinclination,0.0,-0.9
thwart,0.0,-0.9
forgetfulness,0.0,-0.9
revoltingly,0.0,-0.9
hysterical,0.0,-0.9
abuses,0.0,-0.9
sly,0.0,-0.9
ambiguous,0.0,-0.9
repel,0.0,-0.9
prattle,0.0,-0.9
awfulness,0.0,-0.9
layoff,0.0,-0.9
conspiracies,0.0,-0.9
inescapable,0.0,-0.9
caustic,0.0,-0.9
overshadow,0.0,-0.9
adulterated,0.0,-0.9
goof,0.0,-0.9
menial,0.0,-0.9
flakieness,0.0,-0.9
laid-off,0.0,-0.9
tiringly,0.0,-0.9
downcast,0.0,-0.9
forged,0.0,-0.9
unrest,0.0,-0.9
shock,0.0,-0.9
dissidence,0.0,-0.9
traduce,0.0,-0.9
wrip,0.0,-0.9
offenses,0.0,-0.9
choppy,0.0,-0.9
gruff,0.0,-0.9
adulteration,0.0,-0.9
immoral,0.0,-0.9
ineffective,0.0,-0.9
idiocy,0.0,-0.9
laughably,0.0,-0.9
vengefulness,0.0,-0.9
panicking,0.0,-0.9
degrading,0.0,-0.9
venomous,0.0,-0.9
inferior,0.0,-0.9
coward,0.0,-0.9
nefariously,0.0,-0.9
embarrassingly,0.0,-0.9
extraneous,0.0,-0.9
mawkishly,0.0,-0.9
intrude,0.0,-0.9
polluter,0.0,-0.9
treacherously,0.0,-0.9
junk,0.0,-0.9
egregious,0.0,-0.9
humiliate,0.0,-0.9
lame-duck,0.0,-0.9
monster,0.0,-0.9
harboring,0.0,-0.9
dim,0.0,-0.9
self-serving,0.0,-0.9
sufferer,0.0,-0.9
imperil,0.0,-0.9
rejecting,0.0,-0.9
bristle,0.0,-0.9
dirts,0.0,-0.9
shame,0.0,-0.9
hasty,0.0,-0.9
subversively,0.0,-0.9
wrestle,0.0,-0.9
mortification,0.0,-0.9
second-tier,0.0,-0.9
unfortunate,0.0,-0.9
error,0.0,-0.9
inconsequent,0.0,-0.9
sneering,0.0,-0.9
paralyzed,0.0,-0.9
miseries,0.0,-0.9
repulsing,0.0,-0.9
autocratic,0.0,-0.9
undesirable,0.0,-0.9
barbarian,0.0,-0.9
hollow,0.0,-0.9
tetchy,0.0,-0.9
flares,0.0,-0.9
sucker,0.0,-0.9
desecrate,0.0,-0.9
threaten,0.0,-0.9
overwhelms,0.0,-0.9
frazzle,0.0,-0.9
ugh,0.0,-0.9
batty,0.0,-0.9
expropriation,0.0,-0.9
checkered,0.0,-0.9
condescend,0.0,-0.9
break-ups,0.0,-0.9
hateful,0.0,-0.9
nebulously,0.0,-0.9
repudiate,0.0,-0.9
unsettled,0.0,-0.9
relapse,0.0,-0.9
break,0.0,-0.9
insignificant,0.0,-0.9
cheap,0.0,-0.9
dismay,0.0,-0.9
mockeries,0.0,-0.9
exhausts,0.0,-0.9
exhort,0.0,-0.9
stereotypical,0.0,-0.9
gaff,0.0,-0.9
gall,0.0,-0.9
transgression,0.0,-0.9
unseemly,0.0,-0.9
insolently,0.0,-0.9
ached,0.0,-0.9
irrecoverably,0.0,-0.9
woebegone,0.0,-0.9
resent,0.0,-0.9
ignominy,0.0,-0.9
substandard,0.0,-0.9
bigotry,0.0,-0.9
weirdly,0.0,-0.9
nag,0.0,-0.9
sad,0.0,-0.9
frightful,0.0,-0.9
repulsive,0.0,-0.9
unthinkable,0.0,-0.9
drastic,0.0,-0.9
mourner,0.0,-0.9
slogs,0.0,-0.9
implacable,0.0,-0.9
lazy,0.0,-0.9
audiciously,0.0,-0.9
lengthy,0.0,-0.9
drowning,0.0,-0.9
archaic,0.0,-0.9
irreparable,0.0,-0.9
lackadaisical,0.0,-0.9
distraughtness,0.0,-0.9
lumpy,0.0,-0.9
obsessive,0.0,-0.9
egotistically,0.0,-0.9
wrinkles,0.0,-0.9
messing,0.0,-0.9
scratched,0.0,-0.9
thumbs-down,0.0,-0.9
suppress,0.0,-0.9
brazenly,0.0,-0.9
breakdown,0.0,-0.9
dubious,0.0,-0.9
hapless,0.0,-0.9
hassle,0.0,-0.9
hoodwink,0.0,-0.9
hurtful,0.0,-0.9
pessimism,0.0,-0.9
freakishly,0.0,-0.9
embattled,0.0,-0.9
suffers,0.0,-0.9
horde,0.0,-0.9
vindictiveness,0.0,-0.9
unnervingly,0.0,-0.9
bondage,0.0,-0.9
unorthodox,0.0,-0.9
nitpicking,0.0,-0.9
ho-hum,0.0,-0.9
distrustful,0.0,-0.9
hestitant,0.0,-0.9
disintegrates,0.0,-0.9
fatuity,0.0,-0.9
waning,0.0,-0.9
smelt,0.0,-0.9
unnecessary,0.0,-0.9
freaks,0.0,-0.9
unimportant,0.0,-0.9
audaciousness,0.0,-0.9
enviousness,0.0,-0.9
indecent,0.0,-0.9
neglect,0.0,-0.9
lamentably,0.0,-0.9
dented,0.0,-0.9
loveless,0.0,-0.9
phony,0.0,-0.9
soapy,0.0,-0.9
pitiful,0.0,-0.9
demise,0.0,-0.9
flareup,0.0,-0.9
passive,0.0,-0.9
discontinuous,0.0,-0.9
unusable,0.0,-0.9
rupture,0.0,-0.9
direly,0.0,-0.9
excessively,0.0,-0.9
picketing,0.0,-0.9
angriness,0.0,-0.9
myth,0.0,-0.9
faulty,0.0,-0.9
insupportably,0.0,-0.9
jeeringly,0.0,-0.9
renunciation,0.0,-0.9
imprisonment,0.0,-0.9
drawback,0.0,-0.9
fear,0.0,-0.9
inarticulate,0.0,-0.9
immature,0.0,-0.9
inescapably,0.0,-0.9
indecision,0.0,-0.9
tiring,0.0,-0.9
spewed,0.0,-0.9
fugitive,0.0,-0.9
dishonor,0.0,-0.9
punitive,0.0,-0.9
poky,0.0,-0.9
epidemic,0.0,-0.9
issue,0.0,-0.9
mad,0.0,-0.9
skimpy,0.0,-0.9
stains,0.0,-0.9
glower,0.0,-0.9
curse,0.0,-0.9
dilemma,0.0,-0.9
disquiet,0.0,-0.9
frenzy,0.0,-0.9
disvalue,0.0,-0.9
haywire,0.0,-0.9
overdo,0.0,-0.9
taunting,0.0,-0.9
bulkiness,0.0,-0.9
criminal,0.0,-0.9
starvation,0.0,-0.9
consternation,0.0,-0.9
detests,0.0,-0.9
recklessly,0.0,-0.9
fictitious,0.0,-0.9
imprudence,0.0,-0.9
indoctrinate,0.0,-0.9
one-sided,0.0,-0.9
qualms,0.0,-0.9
apathetically,0.0,-0.9
acerbate,0.0,-0.9
bafflement,0.0,-0.9
childish,0.0,-0.9
merciless,0.0,-0.9
prevaricate,0.0,-0.9
slanders,0.0,-0.9
insensible,0.0,-0.9
biased,0.0,-0.9
hell,0.0,-0.9
pillage,0.0,-0.9
disrespectful,0.0,-0.9
fatuous,0.0,-0.9
hardliner,0.0,-0.9
incomparably,0.0,-0.9
sueing,0.0,-0.9
biting,0.0,-0.9
fluster,0.0,-0.9
damnable,0.0,-0.9
distressed,0.0,-0.9
tentatively,0.0,-0.9
derision,0.0,-0.9
uncaring,0.0,-0.9
denial,0.0,-0.9
capsize,0.0,-0.9
fastidiously,0.0,-0.9
misbegotten,0.0,-0.9
subversion,0.0,-0.9
blundering,0.0,-0.9
illusion,0.0,-0.9
blatantly,0.0,-0.9
despised,0.0,-0.9
maliciously,0.0,-0.9
drunk,0.0,-0.9
backaches,0.0,-0.9
virus,0.0,-0.9
shocking,0.0,-0.9
rejected,0.0,-0.9
inhumanity,0.0,-0.9
impinge,0.0,-0.9
throbbed,0.0,-0.9
deceptively,0.0,-0.9
scrambled,0.0,-0.9
criticism,0.0,-0.9
hobble,0.0,-0.9
simplistic,0.0,-0.9
grotesque,0.0,-0.9
treasonous,0.0,-0.9
troubles,0.0,-0.9
dislikes,0.0,-0.9
mistress,0.0,-0.9
conspicuous,0.0,-0.9
acerbically,0.0,-0.9
atrocities,0.0,-0.9
brazen,0.0,-0.9
calamity,0.0,-0.9
gloatingly,0.0,-0.9
inexcusably,0.0,-0.9
rumor,0.0,-0.9
forbidden,0.0,-0.9
cheesy,0.0,-0.9
slander,0.0,-0.9
stumped,0.0,-0.9
corrosive,0.0,-0.9
virulently,0.0,-0.9
false,0.0,-0.9
knock,0.0,-0.9
vexingly,0.0,-0.9
hoard,0.0,-0.9
untrue,0.0,-0.9
aloof,0.0,-0.9
fetid,0.0,-0.9
invisible,0.0,-0.9
heavyhearted,0.0,-0.9
conceit,0.0,-0.9
hypocricy,0.0,-0.9
infection,0.0,-0.9
shrug,0.0,-0.9
dangerousness,0.0,-0.9
traped,0.0,-0.9
temper,0.0,-0.9
soreness,0.0,-0.9
wrest,0.0,-0.9
impractical,0.0,-0.9
punk,0.0,-0.9
damaged,0.0,-0.9
deject,0.0,-0.9
immaterial,0.0,-0.9
imperfectly,0.0,-0.9
inappropriately,0.0,-0.9
lewdly,0.0,-0.9
impossible,0.0,-0.9
deny,0.0,-0.9
helplessly,0.0,-0.9
indifference,0.0,-0.9
disgraced,0.0,-0.9
melancholy,0.0,-0.9
insignificance,0.0,-0.9
retardedness,0.0,-0.9
discountenance,0.0,-0.9
unspecified,0.0,-0.9
diatribe,0.0,-0.9
hideously,0.0,-0.9
flake,0.0,-0.9
pig,0.0,-0.9
last-ditch,0.0,-0.9
repulse,0.0,-0.9
conflicted,0.0,-0.9
ruthlessness,0.0,-0.9
obscure,0.0,-0.9
capriciousness,0.0,-0.9
grumpier,0.0,-0.9
mournfully,0.0,-0.9
poorer,0.0,-0.9
unqualified,0.0,-0.9
overact,0.0,-0.9
subversive,0.0,-0.9
ineptly,0.0,-0.9
stain,0.0,-0.9
assassin,0.0,-0.9
corrosions,0.0,-0.9
fanciful,0.0,-0.9
heartbreakingly,0.0,-0.9
outrages,0.0,-0.9
plight,0.0,-0.9
extremists,0.0,-0.9
maledict,0.0,-0.9
shrilly,0.0,-0.9
interrupt,0.0,-0.9
exaggerate,0.0,-0.9
inevitably,0.0,-0.9
challenging,0.0,-0.9
infiltrators,0.0,-0.9
harsh,0.0,-0.9
dire,0.0,-0.9
plebeian,0.0,-0.9
pan,0.0,-0.9
scams,0.0,-0.9
jealousness,0.0,-0.9
arrogantly,0.0,-0.9
stupidest,0.0,-0.9
disapproving,0.0,-0.9
scrap,0.0,-0.9
demolish,0.0,-0.9
swelled,0.0,-0.9
rejects,0.0,-0.9
irksomely,0.0,-0.9
neglected,0.0,-0.9
hideousness,0.0,-0.9
leery,0.0,-0.9
uncooperative,0.0,-0.9
blame,0.0,-0.9
impermissible,0.0,-0.9
mortifying,0.0,-0.9
bereave,0.0,-0.9
strangely,0.0,-0.9
blunder,0.0,-0.9
struggled,0.0,-0.9
alienated,0.0,-0.9
frenzied,0.0,-0.9
absurdity,0.0,-0.9
unspeakable,0.0,-0.9
beguile,0.0,-0.9
delude,0.0,-0.9
violators,0.0,-0.9
vibrating,0.0,-0.9
baffle,0.0,-0.9
bowdlerize,0.0,-0.9
turmoil,0.0,-0.9
utterly,0.0,-0.9
shimmer,0.0,-0.9
frenetically,0.0,-0.9
fail,0.0,-0.9
messes,0.0,-0.9
undersized,0.0,-0.9
fanaticism,0.0,-0.9
disarray,0.0,-0.9
scold,0.0,-0.9
madness,0.0,-0.9
shake,0.0,-0.9
discrepant,0.0,-0.9
disses,0.0,-0.9
dubiously,0.0,-0.9
irksomenesses,0.0,-0.9
misrepresentation,0.0,-0.9
nauseating,0.0,-0.9
wrinkled,0.0,-0.9
punch,0.0,-0.9
brood,0.0,-0.9
cringes,0.0,-0.9
grudgingly,0.0,-0.9
danger,0.0,-0.9
exhaust,0.0,-0.9
raping,0.0,-0.9
scandels,0.0,-0.9
brash,0.0,-0.9
slumping,0.0,-0.9
loser,0.0,-0.9
glitches,0.0,-0.9
appalling,0.0,-0.9
conspire,0.0,-0.9
heartbreaking,0.0,-0.9
besiege,0.0,-0.9
blah,0.0,-0.9
bad,0.0,-0.9
blatant,0.0,-0.9
mendacious,0.0,-0.9
submissive,0.0,-0.9
disgraceful,0.0,-0.9
unprofitable,0.0,-0.9
shady,0.0,-0.9
refutes,0.0,-0.9
polution,0.0,-0.9
stump,0.0,-0.9
enraged,0.0,-0.9
crazily,0.0,-0.9
over-priced,0.0,-0.9
unreadable,0.0,-0.9
satirical,0.0,-0.9
spiteful,0.0,-0.9
radicalization,0.0,-0.9
brittle,0.0,-0.9
peril,0.0,-0.9
gainsayer,0.0,-0.9
pout,0.0,-0.9
illusory,0.0,-0.9
haunting,0.0,-0.9
terror-genic,0.0,-0.9
weep,0.0,-0.9
downhill,0.0,-0.9
whine,0.0,-0.9
dislike,0.0,-0.9
wicked,0.0,-0.9
extort,0.0,-0.9
smoulder,0.0,-0.9
darker,0.0,-0.9
fume,0.0,-0.9
avalanche,0.0,-0.9
break-up,0.0,-0.9
hate,0.0,-0.9
capricious,0.0,-0.9
jutter,0.0,-0.9
immoderately,0.0,-0.9
semi-retarded,0.0,-0.9
cracks,0.0,-0.9
criticizing,0.0,-0.9
disgustfully,0.0,-0.9
dumping,0.0,-0.9
mispronounced,0.0,-0.9
scorchingly,0.0,-0.9
kaput,0.0,-0.9
detraction,0.0,-0.9
derisively,0.0,-0.9
condemnation,0.0,-0.9
funnily,0.0,-0.9
sass,0.0,-0.9
opponent,0.0,-0.9
dungeons,0.0,-0.9
scolded,0.0,-0.9
commotions,0.0,-0.9
subpoenas,0.0,-0.9
regretfully,0.0,-0.9
unlawfully,0.0,-0.9
brashness,0.0,-0.9
unpopular,0.0,-0.9
dispirit,0.0,-0.9
conspicuously,0.0,-0.9
insanely,0.0,-0.9
incredulous,0.0,-0.9
indifferent,0.0,-0.9
racists,0.0,-0.9
impunity,0.0,-0.9
sorrowful,0.0,-0.9
unhealthy,0.0,-0.9
critical,0.0,-0.9
debaucher,0.0,-0.9
gawk,0.0,-0.9
doggedly,0.0,-0.9
disrespectable,0.0,-0.9
2-faces,0.0,-0.9
disgustful,0.0,-0.9
flicering,0.0,-0.9
drips,0.0,-0.9
evasion,0.0,-0.9
indefensible,0.0,-0.9
infuriate,0.0,-0.9
aggrieve,0.0,-0.9
ludicrous,0.0,-0.9
misfortune,0.0,-0.9
frigging,0.0,-0.9
malevolent,0.0,-0.9
monstrosities,0.0,-0.9
avaricious,0.0,-0.9
stench,0.0,-0.9
domineering,0.0,-0.9
troublesomely,0.0,-0.9
buckle,0.0,-0.9
confounded,0.0,-0.9
stumps,0.0,-0.9
judders,0.0,-0.9
smut,0.0,-0.9
terrorism,0.0,-0.9
undignified,0.0,-0.9
wack,0.0,-0.9
mordantly,0.0,-0.9
uncreative,0.0,-0.9
adamantly,0.0,-0.9
incompetent,0.0,-0.9
disturbance,0.0,-0.9
over-acted,0.0,-0.9
enflame,0.0,-0.9
slaves,0.0,-0.9
stealing,0.0,-0.9
unconstitutional,0.0,-0.9
snobbish,0.0,-0.9
gaffe,0.0,-0.9
ungrateful,0.0,-0.9
spookier,0.0,-0.9
backwood,0.0,-0.9
derisiveness,0.0,-0.9
squabble,0.0,-0.9
inflammed,0.0,-0.9
decadent,0.0,-0.9
eschew,0.0,-0.9
marginal,0.0,-0.9
addicting,0.0,-0.9
fatefully,0.0,-0.9
distracting,0.0,-0.9
penalize,0.0,-0.9
bearish,0.0,-0.9
lull,0.0,-0.9
expire,0.0,-0.9
betrayals,0.0,-0.9
bunk,0.0,-0.9
feebleminded,0.0,-0.9
f**k,0.0,-0.9
inelegant,0.0,-0.9
ranted,0.0,-0.9
scandel,0.0,-0.9
amputate,0.0,-0.9
hard-liner,0.0,-0.9
exclusion,0.0,-0.9
drags,0.0,-0.9
strangest,0.0,-0.9
superstitious,0.0,-0.9
pry,0.0,-0.9
shaky,0.0,-0.9
condemn,0.0,-0.9
abolish,0.0,-0.9
accusation,0.0,-0.9
irregularity,0.0,-0.9
lies,0.0,-0.9
premeditated,0.0,-0.9
fault,0.0,-0.9
puzzling,0.0,-0.9
suspicious,0.0,-0.9
unattractive,0.0,-0.9
delusional,0.0,-0.9
ungovernable,0.0,-0.9
injustices,0.0,-0.9
limits,0.0,-0.9
ultimatum,0.0,-0.9
implode,0.0,-0.9
covetous,0.0,-0.9
louder,0.0,-0.9
monstrous,0.0,-0.9
monstrously,0.0,-0.9
misstatement,0.0,-0.9
motley,0.0,-0.9
carp,0.0,-0.9
estranged,0.0,-0.9
bumping,0.0,-0.9
fussy,0.0,-0.9
irksomeness,0.0,-0.9
puny,0.0,-0.9
dripped,0.0,-0.9
imperious,0.0,-0.9
confused,0.0,-0.9
discomfort,0.0,-0.9
jealous,0.0,-0.9
neurotically,0.0,-0.9
guilty,0.0,-0.9
flagging,0.0,-0.9
refusal,0.0,-0.9
litigious,0.0,-0.9
scuff,0.0,-0.9
tragedy,0.0,-0.9
ailing,0.0,-0.9
secretive,0.0,-0.9
cocky,0.0,-0.9
primitive,0.0,-0.9
effigy,0.0,-0.9
fatcat,0.0,-0.9
paupers,0.0,-0.9
bullies,0.0,-0.9
vanity,0.0,-0.9
stooge,0.0,-0.9
inhospitable,0.0,-0.9
tragically,0.0,-0.9
troublesome,0.0,-0.9
outcry,0.0,-0.9
displeasing,0.0,-0.9
degradingly,0.0,-0.9
scrambles,0.0,-0.9
impatiently,0.0,-0.9
maddeningly,0.0,-0.9
unpleasant,0.0,-0.9
craze,0.0,-0.9
devastatingly,0.0,-0.9
unwanted,0.0,-0.9
provoke,0.0,-0.9
impolitely,0.0,-0.9
sneaky,0.0,-0.9
unsupported,0.0,-0.9
languish,0.0,-0.9
swindle,0.0,-0.9
resentment,0.0,-0.9
dust,0.0,-0.9
bloodshed,0.0,-0.9
shirk,0.0,-0.9
perplexity,0.0,-0.9
impiety,0.0,-0.9
aggressor,0.0,-0.9
forbidding,0.0,-0.9
demean,0.0,-0.9
inconsequential,0.0,-0.9
disliked,0.0,-0.9
heretical,0.0,-0.9
tetchily,0.0,-0.9
steep,0.0,-0.9
unbelievable,0.0,-0.9
chill,0.0,-0.9
unfulfilled,0.0,-0.9
oversimplify,0.0,-0.9
accost,0.0,-0.9
ambivalent,0.0,-0.9
damn,0.0,-0.9
forgetful,0.0,-0.9
undermine,0.0,-0.9
meltdown,0.0,-0.9
mobster,0.0,-0.9
overheat,0.0,-0.9
undermined,0.0,-0.9
loophole,0.0,-0.9
plunder,0.0,-0.9
screwy,0.0,-0.9
fustigate,0.0,-0.9
muddy,0.0,-0.9
deficiency,0.0,-0.9
mulish,0.0,-0.9
coupists,0.0,-0.9
subvert,0.0,-0.9
plagiarize,0.0,-0.9
impair,0.0,-0.9
jutters,0.0,-0.9
sufferers,0.0,-0.9
deadweight,0.0,-0.9
filth,0.0,-0.9
unraveled,0.0,-0.9
flee,0.0,-0.9
rude,0.0,-0.9
dissolution,0.0,-0.9
patronize,0.0,-0.9
manipulative,0.0,-0.9
peculiarly,0.0,-0.9
dark,0.0,-0.9
notoriety,0.0,-0.9
bewilderingly,0.0,-0.9
hardball,0.0,-0.9
pompous,0.0,-0.9
spew,0.0,-0.9
motionless,0.0,-0.9
negatives,0.0,-0.9
stifling,0.0,-0.9
addicts,0.0,-0.9
cramp,0.0,-0.9
lone,0.0,-0.9
unsecure,0.0,-0.9
disingenuous,0.0,-0.9
chafe,0.0,-0.9
fabrication,0.0,-0.9
died,0.0,-0.9
frustration,0.0,-0.9
disillusionment,0.0,-0.9
long-winded,0.0,-0.9
smudging,0.0,-0.9
burdensomely,0.0,-0.9
bumps,0.0,-0.9
arduously,0.0,-0.9
fatalistically,0.0,-0.9
militancy,0.0,-0.9
noxious,0.0,-0.9
sulk,0.0,-0.9
superfluous,0.0,-0.9
complicit,0.0,-0.9
choleric,0.0,-0.9
sunk,0.0,-0.9
skepticism,0.0,-0.9
unreachable,0.0,-0.9
commiserate,0.0,-0.9
deprived,0.0,-0.9
traitorously,0.0,-0.9
zombie,0.0,-0.9
harried,0.0,-0.9
outbreak,0.0,-0.9
inteferes,0.0,-0.9
emphatic,0.0,-0.9
incense,0.0,-0.9
hated,0.0,-0.9
overrated,0.0,-0.9
irate,0.0,-0.9
hinder,0.0,-0.9
gasp,0.0,-0.9
excruciatingly,0.0,-0.9
snarl,0.0,-0.9
freezing,0.0,-0.9
wrath,0.0,-0.9
farcical,0.0,-0.9
ineptitude,0.0,-0.9
ferocity,0.0,-0.9
underpowered,0.0,-0.9
improbable,0.0,-0.9
fearfully,0.0,-0.9
agonizing,0.0,-0.9
puppets,0.0,-0.9
noises,0.0,-0.9
refuses,0.0,-0.9
remorse,0.0,-0.9
addicted,0.0,-0.9
defects,0.0,-0.9
lethargy,0.0,-0.9
combust,0.0,-0.9
annoyed,0.0,-0.9
disdained,0.0,-0.9
skittishly,0.0,-0.9
dissappointing,0.0,-0.9
sugar-coated,0.0,-0.9
dragged,0.0,-0.9
mashed,0.0,-0.9
falls,0.0,-0.9
depraved,0.0,-0.9
darken,0.0,-0.9
ruins,0.0,-0.9
stiffness,0.0,-0.9
two-faces,0.0,-0.9
sloooow,0.0,-0.9
direness,0.0,-0.9
inconsistence,0.0,-0.9
wily,0.0,-0.9
abyss,0.0,-0.9
burn,0.0,-0.9
blabber,0.0,-0.9
tediously,0.0,-0.9
hostile,0.0,-0.9
oblique,0.0,-0.9
intractable,0.0,-0.9
despicably,0.0,-0.9
fanatics,0.0,-0.9
fury,0.0,-0.9
imperfections,0.0,-0.9
draconic,0.0,-0.9
kook,0.0,-0.9
instable,0.0,-0.9
carnage,0.0,-0.9
squeals,0.0,-0.9
reproach,0.0,-0.9
rut,0.0,-0.9
taut,0.0,-0.9
reckless,0.0,-0.9
antagonistic,0.0,-0.9
burden,0.0,-0.9
inextricable,0.0,-0.9
obtrusive,0.0,-0.9
poisonous,0.0,-0.9
incommensurate,0.0,-0.9
intolerablely,0.0,-0.9
infringement,0.0,-0.9
brazenness,0.0,-0.9
dangerous,0.0,-0.9
niggle,0.0,-0.9
dissatisfaction,0.0,-0.9
spendy,0.0,-0.9
gimmicks,0.0,-0.9
deterioration,0.0,-0.9
touted,0.0,-0.9
rigidness,0.0,-0.9
gritty,0.0,-0.9
acridness,0.0,-0.9
peculiar,0.0,-0.9
beggarly,0.0,-0.9
insufficiency,0.0,-0.9
admonisher,0.0,-0.9
panders,0.0,-0.9
deviousness,0.0,-0.9
squabbling,0.0,-0.9
misaligned,0.0,-0.9
misread,0.0,-0.9
wreaked,0.0,-0.9
admonishingly,0.0,-0.9
worn,0.0,-0.9
gibber,0.0,-0.9
arrogance,0.0,-0.9
jealousy,0.0,-0.9
mocking,0.0,-0.9
uproarious,0.0,-0.9
joker,0.0,-0.9
back-logged,0.0,-0.9
meaningless,0.0,-0.9
denunciations,0.0,-0.9
insubstantial,0.0,-0.9
lawbreaker,0.0,-0.9
offender,0.0,-0.9
oversimplification,0.0,-0.9
smolder,0.0,-0.9
taunts,0.0,-0.9
absent-minded,0.0,-0.9
unyielding,0.0,-0.9
vindictive,0.0,-0.9
galls,0.0,-0.9
swamped,0.0,-0.9
anti-white,0.0,-0.9
bullying,0.0,-0.9
toughness,0.0,-0.9
disapproval,0.0,-0.9
anarchism,0.0,-0.9
suffer,0.0,-0.9
anxiousness,0.0,-0.9
busts,0.0,-0.9
cruel,0.0,-0.9
provocative,0.0,-0.9
pity,0.0,-0.9
fanatical,0.0,-0.9
irrecoverableness,0.0,-0.9
aspersion,0.0,-0.9
lorn,0.0,-0.9
squeaks,0.0,-0.9
scorn,0.0,-0.9
streaky,0.0,-0.9
crumbling,0.0,-0.9
pickets,0.0,-0.9
strut,0.0,-0.9
heck,0.0,-0.9
far-fetched,0.0,-0.9
scapegoat,0.0,-0.9
disoriented,0.0,-0.9
pratfall,0.0,-0.9
scornful,0.0,-0.9
degenerately,0.0,-0.9
appalled,0.0,-0.9
insultingly,0.0,-0.9
graft,0.0,-0.9
hangs,0.0,-0.9
scramble,0.0,-0.9
untimely,0.0,-0.9
bewitch,0.0,-0.9
dead,0.0,-0.9
cheated,0.0,-0.9
debilitating,0.0,-0.9
faze,0.0,-0.9
freeze,0.0,-0.9
anxious,0.0,-0.9
unscrupulously,0.0,-0.9
disappointingly,0.0,-0.9
vileness,0.0,-0.9
harasses,0.0,-0.9
askance,0.0,-0.9
disapointing,0.0,-0.9
wretchedness,0.0,-0.9
intrusive,0.0,-0.9
forfeit,0.0,-0.9
snobby,0.0,-0.9
heresy,0.0,-0.9
insolvent,0.0,-0.9
recessionary,0.0,-0.9
disadvantages,0.0,-0.9
debauch,0.0,-0.9
smallish,0.0,-0.9
crazy,0.0,-0.9
deprive,0.0,-0.9
irredeemable,0.0,-0.9
treason,0.0,-0.9
sinful,0.0,-0.9
subordinate,0.0,-0.9
crippling,0.0,-0.9
indolent,0.0,-0.9
stresses,0.0,-0.9
undercutting,0.0,-0.9
predatory,0.0,-0.9
lying,0.0,-0.9
disillusions,0.0,-0.9
savaged,0.0,-0.9
wasteful,0.0,-0.9
unavailable,0.0,-0.9
pessimistic,0.0,-0.9
unkindly,0.0,-0.9
volatility,0.0,-0.9
heckles,0.0,-0.9
abysmal,0.0,-0.9
posturing,0.0,-0.9
damned,0.0,-0.9
tortured,0.0,-0.9
dizzing,0.0,-0.9
defamations,0.0,-0.9
intefere,0.0,-0.9
hypocritically,0.0,-0.9
disparagingly,0.0,-0.9
shimmy,0.0,-0.9
averse,0.0,-0.9
discourage,0.0,-0.9
indecisive,0.0,-0.9
insensitive,0.0,-0.9
prejudice,0.0,-0.9
pitilessly,0.0,-0.9
betrayer,0.0,-0.9
insinuating,0.0,-0.9
inadequately,0.0,-0.9
craven,0.0,-0.9
rumours,0.0,-0.9
strain,0.0,-0.9
killed,0.0,-0.9
calumnies,0.0,-0.9
uninformed,0.0,-0.9
confuse,0.0,-0.9
bothered,0.0,-0.9
burns,0.0,-0.9
deviate,0.0,-0.9
displease,0.0,-0.9
hideous,0.0,-0.9
recourses,0.0,-0.9
stutters,0.0,-0.9
lewd,0.0,-0.9
hegemony,0.0,-0.9
defamation,0.0,-0.9
befoul,0.0,-0.9
desperate,0.0,-0.9
unease,0.0,-0.9
lackeys,0.0,-0.9
intimidation,0.0,-0.9
dungeon,0.0,-0.9
raped,0.0,-0.9
lapse,0.0,-0.9
bigotries,0.0,-0.9
unwatchable,0.0,-0.9
jaded,0.0,-0.9
maniacal,0.0,-0.9
unbearable,0.0,-0.9
fleed,0.0,-0.9
panicked,0.0,-0.9
inconsistent,0.0,-0.9
invidious,0.0,-0.9
unintelligile,0.0,-0.9
unproved,0.0,-0.9
scathing,0.0,-0.9
hazardous,0.0,-0.9
hostage,0.0,-0.9
inequities,0.0,-0.9
insincere,0.0,-0.9
bane,0.0,-0.9
obscured,0.0,-0.9
degeneration,0.0,-0.9
shamefully,0.0,-0.9
suppression,0.0,-0.9
wrangle,0.0,-0.9
fleeting,0.0,-0.9
degradation,0.0,-0.9
asunder,0.0,-0.9
pandering,0.0,-0.9
conceded,0.0,-0.9
disagreeing,0.0,-0.9
condemned,0.0,-0.9
fried,0.0,-0.9
hoax,0.0,-0.9
gape,0.0,-0.9
tricked,0.0,-0.9
poison,0.0,-0.9
slowest,0.0,-0.9
fraud,0.0,-0.9
ulterior,0.0,-0.9
devastated,0.0,-0.9
moody,0.0,-0.9
prickle,0.0,-0.9
villianously,0.0,-0.9
woefully,0.0,-0.9
interferes,0.0,-0.9
malodorous,0.0,-0.9
unsatisfactory,0.0,-0.9
untenable,0.0,-0.9
unfriendly,0.0,-0.9
ripped,0.0,-0.9
frighteningly,0.0,-0.9
lamentable,0.0,-0.9
tormented,0.0,-0.9
tortuous,0.0,-0.9
irritating,0.0,-0.9
chatter,0.0,-0.9
bruise,0.0,-0.9
paucity,0.0,-0.9
